Creation Date;UserID;User Name;CounterpartyID;Counterparty Name;Security;OrderStatus;Price;Quantity;Contra Amount;;
04/22/2015;71;RBC;10;R5Admin;USD/INR.FWD.M1;PARTIALLY_FILLED;62,7497;39600000;2484888120;1000000;62749700
04/22/2015;71;RBC;10;R5Admin;USD/CLP.FWD.M1;PARTIALLY_FILLED;642,7284;100500000;64594204200;1000000;642728400
04/22/2015;71;RBC;10;R5Admin;USD/CLP.FWD.M1;PARTIALLY_FILLED;642,7284;100500000;64594204200;1000000;642728400
04/22/2015;71;RBC;10;R5Admin;USD/CLP.FWD.M1;PARTIALLY_FILLED;642,7284;100500000;64594204200;1000000;642728400
04/22/2015;71;RBC;10;R5Admin;USD/CLP.FWD.M1;PARTIALLY_FILLED;642,8786;48200000;30986748520;1000000;642878600
04/22/2015;71;RBC;10;R5Admin;USD/CLP.FWD.M1;PARTIALLY_FILLED;642,9589;19400000;12473402660;1000000;642958900
04/22/2015;71;RBC;10;R5Admin;USD/BRL.FWD.FAR;PARTIALLY_FILLED;3,162;22600000;71461200;1000000;3162000
04/22/2015;71;RBC;10;R5Admin;USD/BRL.FWD.FAR;PARTIALLY_FILLED;3,162;22600000;71461200;1000000;3162000
04/22/2015;71;RBC;10;R5Admin;USD/BRL.FWD.FAR;PARTIALLY_FILLED;3,1782;86200000;273960840;1000000;3178200
04/22/2015;71;RBC;10;R5Admin;USD/BRL.FWD.FAR;PARTIALLY_FILLED;3,0466;81700000;248907220;1000000;3046600
04/22/2015;71;RBC;10;R5Admin;USD/BRL.FWD.FAR;PARTIALLY_FILLED;3,0761;36300000;111662430;1000000;3076100
04/22/2015;71;RBC;10;R5Admin;USD/BRL.FWD.FAR;PARTIALLY_FILLED;3,0761;36300000;111662430;1000000;3076100
04/22/2015;71;RBC;10;R5Admin;USD/BRL.FWD.FAR;PARTIALLY_FILLED;3,0761;36300000;111662430;1000000;3076100
04/22/2015;71;RBC;10;R5Admin;USD/BRL.FWD.FAR;PARTIALLY_FILLED;3,0761;36300000;111662430;1000000;3076100
04/22/2015;71;RBC;10;R5Admin;USD/BRL.FWD.FAR;PARTIALLY_FILLED;3,0761;36300000;111662430;1000000;3076100
04/22/2015;71;RBC;10;R5Admin;USD/BRL.FWD.FAR;PARTIALLY_FILLED;3,2866;47500000;156113500;1000000;3286600
04/22/2015;71;RBC;10;R5Admin;USD/BRL.FWD.FAR;PARTIALLY_FILLED;3,497;43900000;153518300;1000000;3497000
04/22/2015;71;RBC;10;R5Admin;USD/BRL.FWD.FAR;PARTIALLY_FILLED;3,497;43900000;153518300;1000000;3497000
04/22/2015;71;RBC;10;R5Admin;USD/BRL.FWD.FAR;PARTIALLY_FILLED;3,3107;4100000;13573870;1000000;3310700
04/22/2015;71;RBC;10;R5Admin;USD/BRL.FWD.FAR;PARTIALLY_FILLED;3,298;4500000;14841000;1000000;3298000
04/22/2015;71;RBC;10;R5Admin;USD/BRL.FWD.FAR;PARTIALLY_FILLED;3,3107;4100000;13573870;1000000;3310700
04/22/2015;71;RBC;10;R5Admin;USD/BRL.FWD.FAR;PARTIALLY_FILLED;3,298;4500000;14841000;1000000;3298000
04/22/2015;71;RBC;10;R5Admin;USD/BRL.FWD.FAR;PARTIALLY_FILLED;3,3107;4100000;13573870;1000000;3310700
04/22/2015;71;RBC;10;R5Admin;USD/BRL.FWD.FAR;PARTIALLY_FILLED;3,298;4500000;14841000;1000000;3298000
04/22/2015;71;RBC;10;R5Admin;USD/BRL.FWD.FAR;PARTIALLY_FILLED;3,3698;97400000;328218520;1000000;3369800
04/22/2015;71;RBC;10;R5Admin;USD/BRL.FWD.FAR;PARTIALLY_FILLED;3,4726;85300000;296212780;1000000;3472600
04/22/2015;71;RBC;10;R5Admin;USD/BRL.FWD.FAR;PARTIALLY_FILLED;3,3115;10300000;34108450;1000000;3311500
04/22/2015;71;RBC;10;R5Admin;USD/BRL.FWD.FAR;PARTIALLY_FILLED;3,3722;44300000;149388460;1000000;3372200
04/22/2015;71;RBC;10;R5Admin;USD/BRL.FWD.FAR;PARTIALLY_FILLED;3,4041;26400000;89868240;1000000;3404100
04/22/2015;71;RBC;10;R5Admin;USD/BRL.FWD.FAR;PARTIALLY_FILLED;3,2853;25500000;83775150;1000000;3285300
04/22/2015;71;RBC;10;R5Admin;USD/BRL.FWD.FAR;PARTIALLY_FILLED;3,2853;25500000;83775150;1000000;3285300
04/22/2015;71;RBC;10;R5Admin;USD/BRL.FWD.FAR;PARTIALLY_FILLED;3,2853;25500000;83775150;1000000;3285300
04/22/2015;71;RBC;10;R5Admin;USD/BRL.FWD.FAR;PARTIALLY_FILLED;3,6007;2300000;8281610;1000000;3600700
04/22/2015;71;RBC;10;R5Admin;USD/BRL.FWD.FAR;PARTIALLY_FILLED;3,4276;62200000;213196720;1000000;3427600
04/22/2015;71;RBC;10;R5Admin;USD/BRL.FWD.FAR;PARTIALLY_FILLED;3,5705;92900000;331699450;1000000;3570500
04/22/2015;71;RBC;10;R5Admin;USD/BRL.FWD.FAR;PARTIALLY_FILLED;3,5705;92900000;331699450;1000000;3570500
04/22/2015;71;RBC;10;R5Admin;USD/BRL.FWD.FAR;PARTIALLY_FILLED;3,5189;30500000;107326450;1000000;3518900
04/22/2015;71;RBC;10;R5Admin;USD/BRL.FWD.FAR;PARTIALLY_FILLED;3,3707;56900000;191792830;1000000;3370700
04/22/2015;71;RBC;10;R5Admin;USD/BRL.FWD.FAR;PARTIALLY_FILLED;3,0115;22600000;68059900;1000000;3011500
04/22/2015;71;RBC;10;R5Admin;USD/BRL.FWD.FAR;PARTIALLY_FILLED;3,0943;84700000;262087210;1000000;3094300
04/22/2015;71;RBC;10;R5Admin;USD/BRL.FWD.FAR;PARTIALLY_FILLED;3,0943;84700000;262087210;1000000;3094300
04/22/2015;71;RBC;10;R5Admin;USD/BRL.FWD.FAR;PARTIALLY_FILLED;3,2394;42600000;137998440;1000000;3239400
04/22/2015;71;RBC;10;R5Admin;USD/BRL.FWD.FAR;PARTIALLY_FILLED;3,2394;42600000;137998440;1000000;3239400
04/22/2015;71;RBC;10;R5Admin;USD/BRL.FWD.FAR;PARTIALLY_FILLED;3,2394;42600000;137998440;1000000;3239400
04/22/2015;71;RBC;10;R5Admin;USD/BRL.FWD.FAR;PARTIALLY_FILLED;3,2317;44400000;143487480;1000000;3231700
04/22/2015;71;RBC;10;R5Admin;USD/BRL.FWD.FAR;PARTIALLY_FILLED;3,2317;44400000;143487480;1000000;3231700
04/22/2015;71;RBC;10;R5Admin;USD/BRL.FWD.FAR;PARTIALLY_FILLED;3,2317;44400000;143487480;1000000;3231700
04/22/2015;71;RBC;10;R5Admin;USD/BRL.FWD.FAR;PARTIALLY_FILLED;3,2317;44400000;143487480;1000000;3231700
04/22/2015;71;RBC;10;R5Admin;USD/BRL.FWD.FAR;PARTIALLY_FILLED;3,2277;36900000;119102130;1000000;3227700
04/22/2015;71;RBC;10;R5Admin;USD/BRL.FWD.FAR;PARTIALLY_FILLED;3,2277;36900000;119102130;1000000;3227700
04/22/2015;71;RBC;10;R5Admin;USD/BRL.FWD.FAR;PARTIALLY_FILLED;3,1054;60600000;188187240;1000000;3105400
04/22/2015;71;RBC;10;R5Admin;USD/BRL.FWD.FAR;PARTIALLY_FILLED;3,1516;74600000;235109360;1000000;3151600
04/22/2015;71;RBC;10;R5Admin;USD/BRL.FWD.FAR;PARTIALLY_FILLED;3,5093;49600000;174061280;1000000;3509300
04/22/2015;71;RBC;10;R5Admin;USD/BRL.FWD.FAR;PARTIALLY_FILLED;3,4107;72300000;246593610;1000000;3410700
04/22/2015;71;RBC;10;R5Admin;USD/BRL.FWD.NEAR;PARTIALLY_FILLED;3,2007;96200000;307907340;1000000;3200700
04/22/2015;71;RBC;10;R5Admin;USD/BRL.FWD.NEAR;PARTIALLY_FILLED;3,2484;53200000;172814880;1000000;3248400
04/22/2015;71;RBC;10;R5Admin;USD/BRL.FWD.NEAR;PARTIALLY_FILLED;2,8841;49300000;142186130;1000000;2884100
04/22/2015;71;RBC;10;R5Admin;USD/BRL.FWD.NEAR;PARTIALLY_FILLED;2,8841;49300000;142186130;1000000;2884100
04/22/2015;71;RBC;10;R5Admin;USD/BRL.FWD.NEAR;PARTIALLY_FILLED;2,8841;49300000;142186130;1000000;2884100
04/22/2015;71;RBC;10;R5Admin;USD/BRL.FWD.NEAR;PARTIALLY_FILLED;3,706;74300000;275355800;1000000;3706000
04/22/2015;71;RBC;10;R5Admin;USD/BRL.FWD.NEAR;PARTIALLY_FILLED;3,491;49600000;173153600;1000000;3491000
04/22/2015;71;RBC;10;R5Admin;USD/BRL.FWD.NEAR;PARTIALLY_FILLED;3,5766;66400000;237486240;1000000;3576600
04/22/2015;71;RBC;10;R5Admin;USD/BRL.FWD.NEAR;PARTIALLY_FILLED;3,2973;90100000;297086730;1000000;3297300
04/22/2015;71;RBC;10;R5Admin;USD/BRL.FWD.NEAR;PARTIALLY_FILLED;2,8841;49300000;142186130;1000000;2884100
04/22/2015;71;RBC;10;R5Admin;USD/BRL.FWD.NEAR;PARTIALLY_FILLED;3,3634;87100000;292952140;1000000;3363400
04/22/2015;71;RBC;10;R5Admin;USD/BRL.FWD.NEAR;PARTIALLY_FILLED;3,0641;44400000;136046040;1000000;3064100
04/22/2015;71;RBC;10;R5Admin;USD/BRL.FWD.NEAR;PARTIALLY_FILLED;3,121;22500000;70222500;1000000;3121000
04/22/2015;71;RBC;10;R5Admin;USD/BRL.FWD.NEAR;PARTIALLY_FILLED;3,1788;79600000;253032480;1000000;3178800
04/22/2015;71;RBC;10;R5Admin;USD/BRL.FWD.NEAR;PARTIALLY_FILLED;3,5916;52600000;188918160;1000000;3591600
04/22/2015;71;RBC;10;R5Admin;USD/BRL.FWD.NEAR;PARTIALLY_FILLED;3,1788;79600000;253032480;1000000;3178800
04/22/2015;71;RBC;10;R5Admin;USD/BRL.FWD.NEAR;PARTIALLY_FILLED;3,1788;79600000;253032480;1000000;3178800
04/22/2015;71;RBC;10;R5Admin;USD/BRL.FWD.NEAR;PARTIALLY_FILLED;3,1788;79600000;253032480;1000000;3178800
04/22/2015;71;RBC;10;R5Admin;USD/BRL.FWD.NEAR;PARTIALLY_FILLED;3,1788;79600000;253032480;1000000;3178800
04/22/2015;71;RBC;10;R5Admin;USD/BRL.FWD.NEAR;PARTIALLY_FILLED;3,3093;70900000;234629370;1000000;3309300
04/22/2015;71;RBC;10;R5Admin;USD/BRL.FWD.NEAR;PARTIALLY_FILLED;3,4883;56000000;195344800;1000000;3488300
04/22/2015;71;RBC;10;R5Admin;USD/BRL.FWD.NEAR;PARTIALLY_FILLED;3,4883;56000000;195344800;1000000;3488300
04/22/2015;71;RBC;10;R5Admin;USD/BRL.FWD.NEAR;PARTIALLY_FILLED;3,1331;95300000;298584430;1000000;3133100
04/22/2015;71;RBC;10;R5Admin;USD/BRL.FWD.NEAR;PARTIALLY_FILLED;3,4883;56000000;195344800;1000000;3488300
04/22/2015;71;RBC;10;R5Admin;USD/BRL.FWD.NEAR;PARTIALLY_FILLED;3,1331;95300000;298584430;1000000;3133100
04/22/2015;71;RBC;10;R5Admin;USD/BRL.FWD.NEAR;PARTIALLY_FILLED;3,1331;95300000;298584430;1000000;3133100
04/22/2015;71;RBC;10;R5Admin;USD/BRL.FWD.NEAR;PARTIALLY_FILLED;3,0583;45000000;137623500;1000000;3058300
04/22/2015;71;RBC;10;R5Admin;USD/BRL.FWD.NEAR;PARTIALLY_FILLED;3,0583;45000000;137623500;1000000;3058300
04/22/2015;71;RBC;10;R5Admin;USD/BRL.FWD.NEAR;PARTIALLY_FILLED;3,0583;45000000;137623500;1000000;3058300
04/22/2015;71;RBC;10;R5Admin;USD/BRL.FWD.NEAR;PARTIALLY_FILLED;3,4648;5700000;19749360;1000000;3464800
04/22/2015;71;RBC;10;R5Admin;USD/BRL.FWD.NEAR;PARTIALLY_FILLED;3,3596;28900000;97092440;1000000;3359600
04/22/2015;71;RBC;10;R5Admin;USD/BRL.FWD.NEAR;PARTIALLY_FILLED;3,4496;28500000;98313600;1000000;3449600
04/22/2015;71;RBC;10;R5Admin;USD/BRL.FWD.FAR;PARTIALLY_FILLED;3,0499;54200000;165304580;1000000;3049900
04/22/2015;71;RBC;10;R5Admin;USD/BRL.FWD.FAR;PARTIALLY_FILLED;3,2265;89800000;289739700;1000000;3226500
04/22/2015;71;RBC;10;R5Admin;USD/BRL.FWD.FAR;PARTIALLY_FILLED;3,4654;66100000;229062940;1000000;3465400
04/22/2015;71;RBC;10;R5Admin;USD/BRL.FWD.FAR;PARTIALLY_FILLED;2,9968;77300000;231652640;1000000;2996800
04/22/2015;71;RBC;10;R5Admin;USD/BRL.FWD.FAR;PARTIALLY_FILLED;2,9968;77300000;231652640;1000000;2996800
04/22/2015;71;RBC;10;R5Admin;USD/BRL.FWD.FAR;PARTIALLY_FILLED;3,2679;82300000;268948170;1000000;3267900
04/22/2015;71;RBC;10;R5Admin;USD/BRL.FWD.FAR;PARTIALLY_FILLED;2,9968;77300000;231652640;1000000;2996800
04/22/2015;71;RBC;10;R5Admin;USD/BRL.FWD.FAR;PARTIALLY_FILLED;3,4186;87300000;298443780;1000000;3418600
04/22/2015;71;RBC;10;R5Admin;USD/BRL.FWD.FAR;PARTIALLY_FILLED;2,9968;77300000;231652640;1000000;2996800
04/22/2015;71;RBC;10;R5Admin;USD/BRL.FWD.FAR;PARTIALLY_FILLED;2,9968;77300000;231652640;1000000;2996800
04/22/2015;71;RBC;10;R5Admin;USD/BRL.FWD.FAR;PARTIALLY_FILLED;3,2708;4600000;15045680;1000000;3270800
04/22/2015;71;RBC;10;R5Admin;USD/BRL.FWD.FAR;PARTIALLY_FILLED;3,1715;46700000;148109050;1000000;3171500
04/22/2015;71;RBC;10;R5Admin;USD/BRL.FWD.FAR;PARTIALLY_FILLED;3,3734;64100000;216234940;1000000;3373400
04/22/2015;71;RBC;10;R5Admin;USD/BRL.FWD.FAR;PARTIALLY_FILLED;3,1976;81200000;259645120;1000000;3197600
04/22/2015;71;RBC;10;R5Admin;USD/BRL.FWD.FAR;PARTIALLY_FILLED;3,6719;69900000;256665810;1000000;3671900
04/22/2015;71;RBC;10;R5Admin;USD/BRL.FWD.FAR;PARTIALLY_FILLED;3,2144;67300000;216329120;1000000;3214400
04/22/2015;71;RBC;10;R5Admin;USD/BRL.FWD.FAR;PARTIALLY_FILLED;3,2144;67300000;216329120;1000000;3214400
04/22/2015;71;RBC;10;R5Admin;USD/BRL.FWD.FAR;PARTIALLY_FILLED;3,3981;1700000;5776770;1000000;3398100
04/22/2015;71;RBC;10;R5Admin;USD/BRL.FWD.FAR;PARTIALLY_FILLED;3,3115;13900000;46029850;1000000;3311500
04/22/2015;71;RBC;10;R5Admin;USD/BRL.FWD.FAR;PARTIALLY_FILLED;3,2144;67300000;216329120;1000000;3214400
04/22/2015;71;RBC;10;R5Admin;USD/BRL.FWD.FAR;PARTIALLY_FILLED;3,2144;67300000;216329120;1000000;3214400
04/22/2015;71;RBC;10;R5Admin;USD/BRL.FWD.FAR;PARTIALLY_FILLED;3,3643;51300000;172588590;1000000;3364300
04/22/2015;71;RBC;10;R5Admin;USD/BRL.FWD.FAR;PARTIALLY_FILLED;3,4076;10000000;34076000;1000000;3407600
04/22/2015;71;RBC;10;R5Admin;USD/BRL.FWD.FAR;PARTIALLY_FILLED;3,4076;10000000;34076000;1000000;3407600
04/22/2015;71;RBC;10;R5Admin;USD/BRL.FWD.FAR;PARTIALLY_FILLED;3,1544;9600000;30282240;1000000;3154400
04/22/2015;71;RBC;10;R5Admin;USD/BRL.FWD.FAR;PARTIALLY_FILLED;3,5996;42400000;152623040;1000000;3599600
04/22/2015;71;RBC;10;R5Admin;USD/BRL.FWD.NEAR;PARTIALLY_FILLED;3,2254;73100000;235776740;1000000;3225400
04/22/2015;71;RBC;10;R5Admin;USD/BRL.FWD.NEAR;PARTIALLY_FILLED;3,548;59400000;210751200;1000000;3548000
04/22/2015;71;RBC;10;R5Admin;USD/BRL.FWD.NEAR;PARTIALLY_FILLED;3,6869;75600000;278729640;1000000;3686900
04/22/2015;71;RBC;10;R5Admin;USD/BRL.FWD.NEAR;PARTIALLY_FILLED;3,7387;38400000;143566080;1000000;3738700
04/22/2015;71;RBC;10;R5Admin;USD/BRL.FWD.NEAR;PARTIALLY_FILLED;3,1332;28700000;89922840;1000000;3133200
04/22/2015;71;RBC;10;R5Admin;USD/BRL.FWD.NEAR;PARTIALLY_FILLED;3,1459;48900000;153834510;1000000;3145900
04/22/2015;71;RBC;10;R5Admin;USD/BRL.FWD.NEAR;PARTIALLY_FILLED;3,1459;48900000;153834510;1000000;3145900
04/22/2015;71;RBC;10;R5Admin;USD/CNY.FWD.M1;PARTIALLY_FILLED;6,0736;44500000;270275200;1000000;6073600
04/22/2015;71;RBC;10;R5Admin;USD/CNY.FWD.M1;PARTIALLY_FILLED;5,9616;15100000;90020160;1000000;5961600
04/22/2015;71;RBC;10;R5Admin;USD/CNY.FWD.M1;PARTIALLY_FILLED;5,9616;15100000;90020160;1000000;5961600
04/22/2015;71;RBC;10;R5Admin;USD/CNY.FWD.M1;PARTIALLY_FILLED;5,9871;63800000;381976980;10000000;59871000
04/22/2015;71;RBC;10;R5Admin;USD/CNY.FWD.M1;PARTIALLY_FILLED;6,1205;40500000;247880250;6000000;36723000
04/22/2015;71;RBC;10;R5Admin;USD/BRL.FWD.FAR;PARTIALLY_FILLED;3,3677;13700000;46137490;1000000;3367700
04/22/2015;71;RBC;10;R5Admin;USD/BRL.FWD.FAR;PARTIALLY_FILLED;3,3897;33200000;112538040;1000000;3389700
04/22/2015;71;RBC;10;R5Admin;USD/BRL.FWD.FAR;PARTIALLY_FILLED;3,4502;3800000;13110760;1000000;3450200
04/22/2015;81;Han Solo;16;JPMorgan;USD/INR.FWD.M1;FILLED;62,7497;1000000;62749700;1000000;62749700
04/22/2015;81;Han Solo;16;JPMorgan;USD/INR.FWD.M1;FILLED;62,6544;1000000;62654400;1000000;62654400
04/21/2015;53;Kim DAVIS;8;Bank Of China;USD/INR.FWD.M1;FILLED;62,6544;1000000;62654400;1000000;62654400
04/22/2015;81;Han Solo;16;JPMorgan;USD/CLP.FWD.M1;FILLED;642,7284;1000000;642728400;1000000;642728400
04/22/2015;81;Han Solo;16;JPMorgan;USD/CLP.FWD.M1;FILLED;642,7284;1000000;642728400;1000000;642728400
04/22/2015;81;Han Solo;16;JPMorgan;USD/CLP.FWD.M1;FILLED;642,7284;1000000;642728400;1000000;642728400
04/22/2015;71;RBC;10;R5Admin;USD/CLP.FWD.M1;PARTIALLY_FILLED;642,7284;100500000;64594204200;2000000;1285456800
04/22/2015;81;Han Solo;16;JPMorgan;USD/CLP.FWD.M1;FILLED;642,7284;1000000;642728400;1000000;642728400
04/22/2015;71;RBC;10;R5Admin;USD/CLP.FWD.M1;PARTIALLY_FILLED;642,7284;100500000;64594204200;3000000;1928185200
04/22/2015;81;Han Solo;16;JPMorgan;USD/CLP.FWD.M1;FILLED;642,7284;1000000;642728400;1000000;642728400
04/22/2015;81;Han Solo;16;JPMorgan;USD/CLP.FWD.M1;FILLED;642,8786;1000000;642878600;1000000;642878600
04/22/2015;81;Han Solo;16;JPMorgan;USD/CLP.FWD.M1;FILLED;642,9589;1000000;642958900;1000000;642958900
04/22/2015;81;Han Solo;16;JPMorgan;USD/CLP.FWD.M1;NEW;642,3047;10000000;6423047000;0;0
04/22/2015;81;Han Solo;16;JPMorgan;USD/CLP.FWD.M1;NEW;642,7981;22000000;14141558200;0;0
04/22/2015;89;NA;20;ST_Bank Of India;USD/TWD.FWD.M1;NEW;0,011;1000000;11000;0;0
04/22/2015;89;NA;20;ST_Bank Of India;USD/TWD.FWD.M1;CANCELED;0,011;1000000;11000;0;0
04/22/2015;89;NA;20;ST_Bank Of India;USD/TWD.FWD.M1;NEW;5,1;1000000;5100000;0;0
04/22/2015;88;NA;19;ST_Bank of China;USD/TWD.FWD.M1;NEW;5,2;1000000;5200000;0;0
04/22/2015;88;NA;19;ST_Bank of China;USD/TWD.FWD.M1;FILLED;5,2;1000000;5200000;1000000;5100000
04/22/2015;89;NA;20;ST_Bank Of India;USD/TWD.FWD.M1;FILLED;5,1;1000000;5100000;1000000;5100000
04/22/2015;90;NA;20;ST_Bank Of India;USD/TWD.FWD.M1;NEW;5,1;1000000;5100000;0;0
04/22/2015;89;NA;20;ST_Bank Of India;USD/TWD.FWD.M1;NEW;5,24;1000000;5240000;0;0
04/22/2015;87;NA;18;ST_Banco Do Brazil;USD/BRL.FWD.FAR;FILLED;3,162;1000000;3162000;1000000;3162000
04/22/2015;87;NA;18;ST_Banco Do Brazil;USD/BRL.FWD.FAR;FILLED;3,162;1000000;3162000;1000000;3162000
04/22/2015;71;RBC;10;R5Admin;USD/BRL.FWD.FAR;PARTIALLY_FILLED;3,162;22600000;71461200;2000000;6324000
04/22/2015;87;NA;18;ST_Banco Do Brazil;USD/BRL.FWD.FAR;FILLED;3,162;1000000;3162000;1000000;3162000
04/22/2015;87;NA;18;ST_Banco Do Brazil;USD/BRL.FWD.FAR;FILLED;3,1782;1000000;3178200;1000000;3178200
04/22/2015;87;NA;18;ST_Banco Do Brazil;USD/BRL.FWD.FAR;FILLED;3,0466;1000000;3046600;1000000;3046600
04/22/2015;71;RBC;10;R5Admin;USD/BRL.FWD.FAR;PARTIALLY_FILLED;3,0466;81700000;248907220;2000000;6093200
04/22/2015;87;NA;18;ST_Banco Do Brazil;USD/BRL.FWD.FAR;FILLED;3,0466;1000000;3046600;1000000;3046600
04/22/2015;71;RBC;10;R5Admin;USD/BRL.FWD.FAR;PARTIALLY_FILLED;3,0466;81700000;248907220;3000000;9139800
04/22/2015;87;NA;18;ST_Banco Do Brazil;USD/BRL.FWD.FAR;FILLED;3,0466;1000000;3046600;1000000;3046600
04/22/2015;71;RBC;10;R5Admin;USD/BRL.FWD.FAR;PARTIALLY_FILLED;3,0466;81700000;248907220;4000000;12186400
04/22/2015;87;NA;18;ST_Banco Do Brazil;USD/BRL.FWD.FAR;FILLED;3,0466;1000000;3046600;1000000;3046600
04/22/2015;71;RBC;10;R5Admin;USD/BRL.FWD.FAR;PARTIALLY_FILLED;3,0466;81700000;248907220;5000000;15233000
04/22/2015;87;NA;18;ST_Banco Do Brazil;USD/BRL.FWD.FAR;FILLED;3,0466;1000000;3046600;1000000;3046600
04/22/2015;71;RBC;10;R5Admin;USD/BRL.FWD.FAR;PARTIALLY_FILLED;3,0466;81700000;248907220;6000000;18279600
04/22/2015;87;NA;18;ST_Banco Do Brazil;USD/BRL.FWD.FAR;FILLED;3,0466;1000000;3046600;1000000;3046600
04/22/2015;71;RBC;10;R5Admin;USD/BRL.FWD.FAR;PARTIALLY_FILLED;3,0466;81700000;248907220;7000000;21326200
04/22/2015;87;NA;18;ST_Banco Do Brazil;USD/BRL.FWD.FAR;FILLED;3,0466;1000000;3046600;1000000;3046600
04/22/2015;71;RBC;10;R5Admin;USD/BRL.FWD.FAR;PARTIALLY_FILLED;3,0466;81700000;248907220;8000000;24372800
04/22/2015;87;NA;18;ST_Banco Do Brazil;USD/BRL.FWD.FAR;FILLED;3,0466;1000000;3046600;1000000;3046600
04/22/2015;71;RBC;10;R5Admin;USD/BRL.FWD.FAR;PARTIALLY_FILLED;3,0466;81700000;248907220;9000000;27419400
04/22/2015;87;NA;18;ST_Banco Do Brazil;USD/BRL.FWD.FAR;FILLED;3,0466;1000000;3046600;1000000;3046600
04/22/2015;71;RBC;10;R5Admin;USD/BRL.FWD.FAR;PARTIALLY_FILLED;3,0466;81700000;248907220;10000000;30466000
04/22/2015;87;NA;18;ST_Banco Do Brazil;USD/BRL.FWD.FAR;FILLED;3,0466;1000000;3046600;1000000;3046600
04/22/2015;87;NA;18;ST_Banco Do Brazil;USD/BRL.FWD.FAR;FILLED;3,0466;1000000;3046600;1000000;3076100
04/22/2015;71;RBC;10;R5Admin;USD/BRL.FWD.FAR;PARTIALLY_FILLED;3,0761;36300000;111662430;2000000;6152200
04/22/2015;87;NA;18;ST_Banco Do Brazil;USD/BRL.FWD.FAR;FILLED;3,0761;1000000;3076100;1000000;3076100
04/22/2015;71;RBC;10;R5Admin;USD/BRL.FWD.FAR;PARTIALLY_FILLED;3,0761;36300000;111662430;3000000;9228300
04/22/2015;87;NA;18;ST_Banco Do Brazil;USD/BRL.FWD.FAR;FILLED;3,0761;1000000;3076100;1000000;3076100
04/22/2015;87;NA;18;ST_Banco Do Brazil;USD/BRL.FWD.FAR;FILLED;3,0761;1000000;3076100;1000000;3076100
04/22/2015;71;RBC;10;R5Admin;USD/BRL.FWD.FAR;PARTIALLY_FILLED;3,0761;36300000;111662430;2000000;6152200
04/22/2015;87;NA;18;ST_Banco Do Brazil;USD/BRL.FWD.FAR;FILLED;3,0761;1000000;3076100;1000000;3076100
04/22/2015;87;NA;18;ST_Banco Do Brazil;USD/BRL.FWD.FAR;FILLED;3,0761;1000000;3076100;1000000;3076100
04/22/2015;87;NA;18;ST_Banco Do Brazil;USD/BRL.FWD.FAR;FILLED;3,0761;1000000;3076100;1000000;3076100
04/22/2015;71;RBC;10;R5Admin;USD/BRL.FWD.FAR;PARTIALLY_FILLED;3,0761;36300000;111662430;2000000;6152200
04/22/2015;87;NA;18;ST_Banco Do Brazil;USD/BRL.FWD.FAR;FILLED;3,0761;1000000;3076100;1000000;3076100
04/22/2015;71;RBC;10;R5Admin;USD/BRL.FWD.FAR;PARTIALLY_FILLED;3,0761;36300000;111662430;3000000;9228300
04/22/2015;87;NA;18;ST_Banco Do Brazil;USD/BRL.FWD.FAR;FILLED;3,0761;1000000;3076100;1000000;3076100
04/22/2015;71;RBC;10;R5Admin;USD/BRL.FWD.FAR;PARTIALLY_FILLED;3,0761;36300000;111662430;4000000;12304400
04/22/2015;87;NA;18;ST_Banco Do Brazil;USD/BRL.FWD.FAR;FILLED;3,0761;1000000;3076100;1000000;3076100
04/22/2015;71;RBC;10;R5Admin;USD/BRL.FWD.FAR;PARTIALLY_FILLED;3,0761;36300000;111662430;5000000;15380500
04/22/2015;87;NA;18;ST_Banco Do Brazil;USD/BRL.FWD.FAR;FILLED;3,0761;1000000;3076100;1000000;3076100
04/22/2015;71;RBC;10;R5Admin;USD/BRL.FWD.FAR;PARTIALLY_FILLED;3,0761;36300000;111662430;6000000;18456600
04/22/2015;87;NA;18;ST_Banco Do Brazil;USD/BRL.FWD.FAR;FILLED;3,0761;1000000;3076100;1000000;3076100
04/22/2015;87;NA;18;ST_Banco Do Brazil;USD/BRL.FWD.FAR;FILLED;3,0761;1000000;3076100;1000000;3076100
04/22/2015;71;RBC;10;R5Admin;USD/BRL.FWD.FAR;PARTIALLY_FILLED;3,0761;36300000;111662430;2000000;6152200
04/22/2015;87;NA;18;ST_Banco Do Brazil;USD/BRL.FWD.FAR;FILLED;3,0761;1000000;3076100;1000000;3076100
04/22/2015;71;RBC;10;R5Admin;USD/BRL.FWD.FAR;PARTIALLY_FILLED;3,0761;36300000;111662430;3000000;9228300
04/22/2015;87;NA;18;ST_Banco Do Brazil;USD/BRL.FWD.FAR;FILLED;3,0761;1000000;3076100;1000000;3076100
04/22/2015;87;NA;18;ST_Banco Do Brazil;USD/BRL.FWD.FAR;FILLED;3,2866;1000000;3286600;1000000;3286600
04/22/2015;87;NA;18;ST_Banco Do Brazil;USD/BRL.FWD.FAR;CANCELED;3,2866;1000000;3286600;0;0
04/22/2015;87;NA;18;ST_Banco Do Brazil;USD/BRL.FWD.FAR;FILLED;3,497;1000000;3497000;1000000;3497000
04/22/2015;71;RBC;10;R5Admin;USD/BRL.FWD.FAR;PARTIALLY_FILLED;3,497;43900000;153518300;2000000;6994000
04/22/2015;87;NA;18;ST_Banco Do Brazil;USD/BRL.FWD.FAR;FILLED;3,497;1000000;3497000;1000000;3497000
04/22/2015;71;RBC;10;R5Admin;USD/BRL.FWD.FAR;PARTIALLY_FILLED;3,497;43900000;153518300;3000000;10491000
04/22/2015;87;NA;18;ST_Banco Do Brazil;USD/BRL.FWD.FAR;FILLED;3,497;1000000;3497000;1000000;3497000
04/22/2015;71;RBC;10;R5Admin;USD/BRL.FWD.FAR;PARTIALLY_FILLED;3,497;43900000;153518300;4000000;13988000
04/22/2015;87;NA;18;ST_Banco Do Brazil;USD/BRL.FWD.FAR;FILLED;3,497;1000000;3497000;1000000;3497000
04/22/2015;71;RBC;10;R5Admin;USD/BRL.FWD.FAR;PARTIALLY_FILLED;3,497;43900000;153518300;5000000;17485000
04/22/2015;87;NA;18;ST_Banco Do Brazil;USD/BRL.FWD.FAR;FILLED;3,497;1000000;3497000;1000000;3497000
04/22/2015;71;RBC;10;R5Admin;USD/BRL.FWD.FAR;PARTIALLY_FILLED;3,497;43900000;153518300;6000000;20982000
04/22/2015;87;NA;18;ST_Banco Do Brazil;USD/BRL.FWD.FAR;FILLED;3,497;1000000;3497000;1000000;3497000
04/22/2015;87;NA;18;ST_Banco Do Brazil;USD/BRL.FWD.FAR;FILLED;3,497;1000000;3497000;1000000;3497000
04/22/2015;71;RBC;10;R5Admin;USD/BRL.FWD.FAR;PARTIALLY_FILLED;3,497;43900000;153518300;2000000;6994000
04/22/2015;87;NA;18;ST_Banco Do Brazil;USD/BRL.FWD.FAR;FILLED;3,497;1000000;3497000;1000000;3497000
04/22/2015;71;RBC;10;R5Admin;USD/BRL.FWD.FAR;PARTIALLY_FILLED;3,497;43900000;153518300;3000000;10491000
04/22/2015;87;NA;18;ST_Banco Do Brazil;USD/BRL.FWD.FAR;FILLED;3,497;1000000;3497000;1000000;3497000
04/22/2015;71;RBC;10;R5Admin;USD/BRL.FWD.FAR;PARTIALLY_FILLED;3,497;43900000;153518300;4000000;13988000
04/22/2015;87;NA;18;ST_Banco Do Brazil;USD/BRL.FWD.FAR;FILLED;3,497;1000000;3497000;1000000;3497000
04/22/2015;71;RBC;10;R5Admin;USD/BRL.FWD.FAR;PARTIALLY_FILLED;3,497;43900000;153518300;5000000;17485000
04/22/2015;87;NA;18;ST_Banco Do Brazil;USD/BRL.FWD.FAR;FILLED;3,497;1000000;3497000;1000000;3497000
04/22/2015;71;RBC;10;R5Admin;USD/BRL.FWD.FAR;PARTIALLY_FILLED;3,497;43900000;153518300;6000000;20982000
04/22/2015;87;NA;18;ST_Banco Do Brazil;USD/BRL.FWD.FAR;FILLED;3,497;1000000;3497000;1000000;3497000
04/22/2015;71;RBC;10;R5Admin;USD/BRL.FWD.FAR;PARTIALLY_FILLED;3,497;43900000;153518300;7000000;24479000
04/22/2015;87;NA;18;ST_Banco Do Brazil;USD/BRL.FWD.FAR;FILLED;3,497;1000000;3497000;1000000;3497000
04/22/2015;71;RBC;10;R5Admin;USD/BRL.FWD.FAR;PARTIALLY_FILLED;3,497;43900000;153518300;8000000;27976000
04/22/2015;87;NA;18;ST_Banco Do Brazil;USD/BRL.FWD.FAR;FILLED;3,497;1000000;3497000;1000000;3497000
04/22/2015;87;NA;18;ST_Banco Do Brazil;USD/BRL.FWD.FAR;FILLED;3,497;1000000;3497000;1000000;3298000
04/22/2015;71;RBC;10;R5Admin;USD/BRL.FWD.FAR;PARTIALLY_FILLED;3,298;4500000;14841000;2000000;6596000
04/22/2015;87;NA;18;ST_Banco Do Brazil;USD/BRL.FWD.FAR;FILLED;3,298;1000000;3298000;1000000;3298000
04/22/2015;71;RBC;10;R5Admin;USD/BRL.FWD.FAR;PARTIALLY_FILLED;3,298;4500000;14841000;3000000;9894000
04/22/2015;87;NA;18;ST_Banco Do Brazil;USD/BRL.FWD.FAR;FILLED;3,298;1000000;3298000;1000000;3298000
04/22/2015;71;RBC;10;R5Admin;USD/BRL.FWD.FAR;PARTIALLY_FILLED;3,298;4500000;14841000;4000000;13192000
04/22/2015;87;NA;18;ST_Banco Do Brazil;USD/BRL.FWD.FAR;FILLED;3,298;1000000;3298000;1000000;3298000
04/22/2015;71;RBC;10;R5Admin;USD/BRL.FWD.FAR;FILLED;3,298;4500000;14841000;4500000;14841000
04/22/2015;87;NA;18;ST_Banco Do Brazil;USD/BRL.FWD.FAR;PARTIALLY_FILLED;3,298;1000000;3298000;500000;1649000
04/22/2015;87;NA;18;ST_Banco Do Brazil;USD/BRL.FWD.FAR;CANCELED;3,298;1000000;3298000;500000;1649000
04/22/2015;87;NA;18;ST_Banco Do Brazil;USD/BRL.FWD.FAR;FILLED;3,3107;1000000;3310700;1000000;3310700
04/22/2015;71;RBC;10;R5Admin;USD/BRL.FWD.FAR;PARTIALLY_FILLED;3,3107;4100000;13573870;2000000;6621400
04/22/2015;87;NA;18;ST_Banco Do Brazil;USD/BRL.FWD.FAR;FILLED;3,3107;1000000;3310700;1000000;3310700
04/22/2015;87;NA;18;ST_Banco Do Brazil;USD/BRL.FWD.FAR;FILLED;3,3107;1000000;3310700;1000000;3298000
04/22/2015;71;RBC;10;R5Admin;USD/BRL.FWD.FAR;PARTIALLY_FILLED;3,298;4500000;14841000;2000000;6596000
04/22/2015;87;NA;18;ST_Banco Do Brazil;USD/BRL.FWD.FAR;FILLED;3,298;1000000;3298000;1000000;3298000
04/22/2015;71;RBC;10;R5Admin;USD/BRL.FWD.FAR;PARTIALLY_FILLED;3,298;4500000;14841000;3000000;9894000
04/22/2015;87;NA;18;ST_Banco Do Brazil;USD/BRL.FWD.FAR;FILLED;3,298;1000000;3298000;1000000;3298000
04/22/2015;71;RBC;10;R5Admin;USD/BRL.FWD.FAR;PARTIALLY_FILLED;3,298;4500000;14841000;4000000;13192000
04/22/2015;87;NA;18;ST_Banco Do Brazil;USD/BRL.FWD.FAR;FILLED;3,298;1000000;3298000;1000000;3298000
04/22/2015;71;RBC;10;R5Admin;USD/BRL.FWD.FAR;FILLED;3,298;4500000;14841000;4500000;14841000
04/22/2015;87;NA;18;ST_Banco Do Brazil;USD/BRL.FWD.FAR;PARTIALLY_FILLED;3,298;1000000;3298000;500000;1649000
04/22/2015;87;NA;18;ST_Banco Do Brazil;USD/BRL.FWD.FAR;CANCELED;3,298;1000000;3298000;500000;1649000
04/22/2015;87;NA;18;ST_Banco Do Brazil;USD/BRL.FWD.FAR;CANCELED;3,298;1000000;3298000;0;0
04/22/2015;87;NA;18;ST_Banco Do Brazil;USD/BRL.FWD.FAR;FILLED;3,3107;1000000;3310700;1000000;3310700
04/22/2015;71;RBC;10;R5Admin;USD/BRL.FWD.FAR;PARTIALLY_FILLED;3,3107;4100000;13573870;2000000;6621400
04/22/2015;87;NA;18;ST_Banco Do Brazil;USD/BRL.FWD.FAR;FILLED;3,3107;1000000;3310700;1000000;3310700
04/22/2015;87;NA;18;ST_Banco Do Brazil;USD/BRL.FWD.FAR;FILLED;3,3107;1000000;3310700;1000000;3298000
04/22/2015;71;RBC;10;R5Admin;USD/BRL.FWD.FAR;PARTIALLY_FILLED;3,298;4500000;14841000;2000000;6596000
04/22/2015;87;NA;18;ST_Banco Do Brazil;USD/BRL.FWD.FAR;FILLED;3,298;1000000;3298000;1000000;3298000
04/22/2015;71;RBC;10;R5Admin;USD/BRL.FWD.FAR;PARTIALLY_FILLED;3,298;4500000;14841000;3000000;9894000
04/22/2015;87;NA;18;ST_Banco Do Brazil;USD/BRL.FWD.FAR;FILLED;3,298;1000000;3298000;1000000;3298000
04/22/2015;71;RBC;10;R5Admin;USD/BRL.FWD.FAR;PARTIALLY_FILLED;3,298;4500000;14841000;4000000;13192000
04/22/2015;87;NA;18;ST_Banco Do Brazil;USD/BRL.FWD.FAR;FILLED;3,298;1000000;3298000;1000000;3298000
04/22/2015;71;RBC;10;R5Admin;USD/BRL.FWD.FAR;FILLED;3,298;4500000;14841000;4500000;14841000
04/22/2015;87;NA;18;ST_Banco Do Brazil;USD/BRL.FWD.FAR;PARTIALLY_FILLED;3,298;1000000;3298000;500000;1649000
04/22/2015;87;NA;18;ST_Banco Do Brazil;USD/BRL.FWD.FAR;CANCELED;3,298;1000000;3298000;500000;1649000
04/22/2015;87;NA;18;ST_Banco Do Brazil;USD/BRL.FWD.FAR;FILLED;3,3107;1000000;3310700;1000000;3310700
04/22/2015;71;RBC;10;R5Admin;USD/BRL.FWD.FAR;PARTIALLY_FILLED;3,3107;4100000;13573870;2000000;6621400
04/22/2015;87;NA;18;ST_Banco Do Brazil;USD/BRL.FWD.FAR;FILLED;3,3107;1000000;3310700;1000000;3310700
04/22/2015;87;NA;18;ST_Banco Do Brazil;USD/BRL.FWD.FAR;FILLED;3,3698;1000000;3369800;1000000;3369800
04/22/2015;71;RBC;10;R5Admin;USD/BRL.FWD.FAR;PARTIALLY_FILLED;3,3698;97400000;328218520;2000000;6739600
04/22/2015;87;NA;18;ST_Banco Do Brazil;USD/BRL.FWD.FAR;FILLED;3,3698;1000000;3369800;1000000;3369800
04/22/2015;71;RBC;10;R5Admin;USD/BRL.FWD.FAR;PARTIALLY_FILLED;3,3698;97400000;328218520;3000000;10109400
04/22/2015;87;NA;18;ST_Banco Do Brazil;USD/BRL.FWD.FAR;FILLED;3,3698;1000000;3369800;1000000;3369800
04/22/2015;71;RBC;10;R5Admin;USD/BRL.FWD.FAR;PARTIALLY_FILLED;3,3698;97400000;328218520;4000000;13479200
04/22/2015;87;NA;18;ST_Banco Do Brazil;USD/BRL.FWD.FAR;FILLED;3,3698;1000000;3369800;1000000;3369800
04/22/2015;71;RBC;10;R5Admin;USD/BRL.FWD.FAR;PARTIALLY_FILLED;3,3698;97400000;328218520;5000000;16849000
04/22/2015;87;NA;18;ST_Banco Do Brazil;USD/BRL.FWD.FAR;FILLED;3,3698;1000000;3369800;1000000;3369800
04/22/2015;71;RBC;10;R5Admin;USD/BRL.FWD.FAR;PARTIALLY_FILLED;3,3698;97400000;328218520;6000000;20218800
04/22/2015;87;NA;18;ST_Banco Do Brazil;USD/BRL.FWD.FAR;FILLED;3,3698;1000000;3369800;1000000;3369800
04/22/2015;87;NA;18;ST_Banco Do Brazil;USD/BRL.FWD.FAR;CANCELED;3,3698;1000000;3369800;0;0
04/22/2015;87;NA;18;ST_Banco Do Brazil;USD/BRL.FWD.FAR;FILLED;3,4726;1000000;3472600;1000000;3472600
04/22/2015;71;RBC;10;R5Admin;USD/BRL.FWD.FAR;PARTIALLY_FILLED;3,4726;85300000;296212780;2000000;6945200
04/22/2015;87;NA;18;ST_Banco Do Brazil;USD/BRL.FWD.FAR;FILLED;3,4726;1000000;3472600;1000000;3472600
04/22/2015;71;RBC;10;R5Admin;USD/BRL.FWD.FAR;PARTIALLY_FILLED;3,4726;85300000;296212780;3000000;10417800
04/22/2015;87;NA;18;ST_Banco Do Brazil;USD/BRL.FWD.FAR;FILLED;3,4726;1000000;3472600;1000000;3472600
04/22/2015;71;RBC;10;R5Admin;USD/BRL.FWD.FAR;PARTIALLY_FILLED;3,4726;85300000;296212780;4000000;13890400
04/22/2015;87;NA;18;ST_Banco Do Brazil;USD/BRL.FWD.FAR;FILLED;3,4726;1000000;3472600;1000000;3472600
04/22/2015;71;RBC;10;R5Admin;USD/BRL.FWD.FAR;PARTIALLY_FILLED;3,4726;85300000;296212780;5000000;17363000
04/22/2015;87;NA;18;ST_Banco Do Brazil;USD/BRL.FWD.FAR;FILLED;3,4726;1000000;3472600;1000000;3472600
04/22/2015;87;NA;18;ST_Banco Do Brazil;USD/BRL.FWD.FAR;FILLED;3,4726;1000000;3472600;1000000;3311500
04/22/2015;71;RBC;10;R5Admin;USD/BRL.FWD.FAR;PARTIALLY_FILLED;3,3115;10300000;34108450;2000000;6623000
04/22/2015;87;NA;18;ST_Banco Do Brazil;USD/BRL.FWD.FAR;FILLED;3,3115;1000000;3311500;1000000;3311500
04/22/2015;71;RBC;10;R5Admin;USD/BRL.FWD.FAR;PARTIALLY_FILLED;3,3115;10300000;34108450;3000000;9934500
04/22/2015;87;NA;18;ST_Banco Do Brazil;USD/BRL.FWD.FAR;FILLED;3,3115;1000000;3311500;1000000;3311500
04/22/2015;71;RBC;10;R5Admin;USD/BRL.FWD.FAR;PARTIALLY_FILLED;3,3115;10300000;34108450;4000000;13246000
04/22/2015;87;NA;18;ST_Banco Do Brazil;USD/BRL.FWD.FAR;FILLED;3,3115;1000000;3311500;1000000;3311500
04/22/2015;71;RBC;10;R5Admin;USD/BRL.FWD.FAR;PARTIALLY_FILLED;3,3115;10300000;34108450;5000000;16557500
04/22/2015;87;NA;18;ST_Banco Do Brazil;USD/BRL.FWD.FAR;FILLED;3,3115;1000000;3311500;1000000;3311500
04/22/2015;71;RBC;10;R5Admin;USD/BRL.FWD.FAR;PARTIALLY_FILLED;3,3115;10300000;34108450;6000000;19869000
04/22/2015;87;NA;18;ST_Banco Do Brazil;USD/BRL.FWD.FAR;FILLED;3,3115;1000000;3311500;1000000;3311500
04/22/2015;71;RBC;10;R5Admin;USD/BRL.FWD.FAR;PARTIALLY_FILLED;3,3115;10300000;34108450;7000000;23180500
04/22/2015;87;NA;18;ST_Banco Do Brazil;USD/BRL.FWD.FAR;FILLED;3,3115;1000000;3311500;1000000;3311500
04/22/2015;87;NA;18;ST_Banco Do Brazil;USD/BRL.FWD.FAR;CANCELED;3,3115;1000000;3311500;0;0
04/22/2015;87;NA;18;ST_Banco Do Brazil;USD/BRL.FWD.FAR;FILLED;3,3722;1000000;3372200;1000000;3372200
04/22/2015;71;RBC;10;R5Admin;USD/BRL.FWD.FAR;PARTIALLY_FILLED;3,3722;44300000;149388460;2000000;6744400
04/22/2015;87;NA;18;ST_Banco Do Brazil;USD/BRL.FWD.FAR;FILLED;3,3722;1000000;3372200;1000000;3372200
04/22/2015;71;RBC;10;R5Admin;USD/BRL.FWD.FAR;PARTIALLY_FILLED;3,3722;44300000;149388460;3000000;10116600
04/22/2015;87;NA;18;ST_Banco Do Brazil;USD/BRL.FWD.FAR;FILLED;3,3722;1000000;3372200;1000000;3372200
04/22/2015;71;RBC;10;R5Admin;USD/BRL.FWD.FAR;PARTIALLY_FILLED;3,3722;44300000;149388460;4000000;13488800
04/22/2015;87;NA;18;ST_Banco Do Brazil;USD/BRL.FWD.FAR;FILLED;3,3722;1000000;3372200;1000000;3372200
04/22/2015;71;RBC;10;R5Admin;USD/BRL.FWD.FAR;PARTIALLY_FILLED;3,3722;44300000;149388460;5000000;16861000
04/22/2015;87;NA;18;ST_Banco Do Brazil;USD/BRL.FWD.FAR;FILLED;3,3722;1000000;3372200;1000000;3372200
04/22/2015;71;RBC;10;R5Admin;USD/BRL.FWD.FAR;PARTIALLY_FILLED;3,3722;44300000;149388460;6000000;20233200
04/22/2015;87;NA;18;ST_Banco Do Brazil;USD/BRL.FWD.FAR;FILLED;3,3722;1000000;3372200;1000000;3372200
04/22/2015;87;NA;18;ST_Banco Do Brazil;USD/BRL.FWD.FAR;CANCELED;3,3722;1000000;3372200;0;0
04/22/2015;87;NA;18;ST_Banco Do Brazil;USD/BRL.FWD.FAR;FILLED;3,4041;1000000;3404100;1000000;3404100
04/22/2015;71;RBC;10;R5Admin;USD/BRL.FWD.FAR;PARTIALLY_FILLED;3,4041;26400000;89868240;2000000;6808200
04/22/2015;87;NA;18;ST_Banco Do Brazil;USD/BRL.FWD.FAR;FILLED;3,4041;1000000;3404100;1000000;3404100
04/22/2015;71;RBC;10;R5Admin;USD/BRL.FWD.FAR;PARTIALLY_FILLED;3,4041;26400000;89868240;3000000;10212300
04/22/2015;87;NA;18;ST_Banco Do Brazil;USD/BRL.FWD.FAR;FILLED;3,4041;1000000;3404100;1000000;3404100
04/22/2015;71;RBC;10;R5Admin;USD/BRL.FWD.FAR;PARTIALLY_FILLED;3,4041;26400000;89868240;4000000;13616400
04/22/2015;87;NA;18;ST_Banco Do Brazil;USD/BRL.FWD.FAR;FILLED;3,4041;1000000;3404100;1000000;3404100
04/22/2015;71;RBC;10;R5Admin;USD/BRL.FWD.FAR;PARTIALLY_FILLED;3,4041;26400000;89868240;5000000;17020500
04/22/2015;87;NA;18;ST_Banco Do Brazil;USD/BRL.FWD.FAR;FILLED;3,4041;1000000;3404100;1000000;3404100
04/22/2015;71;RBC;10;R5Admin;USD/BRL.FWD.FAR;PARTIALLY_FILLED;3,4041;26400000;89868240;6000000;20424600
04/22/2015;87;NA;18;ST_Banco Do Brazil;USD/BRL.FWD.FAR;FILLED;3,4041;1000000;3404100;1000000;3404100
04/22/2015;87;NA;18;ST_Banco Do Brazil;USD/BRL.FWD.FAR;FILLED;3,4041;1000000;3404100;1000000;3285300
04/22/2015;71;RBC;10;R5Admin;USD/BRL.FWD.FAR;PARTIALLY_FILLED;3,2853;25500000;83775150;2000000;6570600
04/22/2015;87;NA;18;ST_Banco Do Brazil;USD/BRL.FWD.FAR;FILLED;3,2853;1000000;3285300;1000000;3285300
04/22/2015;71;RBC;10;R5Admin;USD/BRL.FWD.FAR;PARTIALLY_FILLED;3,2853;25500000;83775150;3000000;9855900
04/22/2015;87;NA;18;ST_Banco Do Brazil;USD/BRL.FWD.FAR;FILLED;3,2853;1000000;3285300;1000000;3285300
04/22/2015;71;RBC;10;R5Admin;USD/BRL.FWD.FAR;PARTIALLY_FILLED;3,2853;25500000;83775150;4000000;13141200
04/22/2015;87;NA;18;ST_Banco Do Brazil;USD/BRL.FWD.FAR;FILLED;3,2853;1000000;3285300;1000000;3285300
04/22/2015;71;RBC;10;R5Admin;USD/BRL.FWD.FAR;PARTIALLY_FILLED;3,2853;25500000;83775150;5000000;16426500
04/22/2015;87;NA;18;ST_Banco Do Brazil;USD/BRL.FWD.FAR;FILLED;3,2853;1000000;3285300;1000000;3285300
04/22/2015;71;RBC;10;R5Admin;USD/BRL.FWD.FAR;PARTIALLY_FILLED;3,2853;25500000;83775150;6000000;19711800
04/22/2015;87;NA;18;ST_Banco Do Brazil;USD/BRL.FWD.FAR;FILLED;3,2853;1000000;3285300;1000000;3285300
04/22/2015;71;RBC;10;R5Admin;USD/BRL.FWD.FAR;PARTIALLY_FILLED;3,2853;25500000;83775150;7000000;22997100
04/22/2015;87;NA;18;ST_Banco Do Brazil;USD/BRL.FWD.FAR;FILLED;3,2853;1000000;3285300;1000000;3285300
04/22/2015;87;NA;18;ST_Banco Do Brazil;USD/BRL.FWD.FAR;FILLED;3,2853;1000000;3285300;1000000;3285300
04/22/2015;71;RBC;10;R5Admin;USD/BRL.FWD.FAR;PARTIALLY_FILLED;3,2853;25500000;83775150;2000000;6570600
04/22/2015;87;NA;18;ST_Banco Do Brazil;USD/BRL.FWD.FAR;FILLED;3,2853;1000000;3285300;1000000;3285300
04/22/2015;71;RBC;10;R5Admin;USD/BRL.FWD.FAR;PARTIALLY_FILLED;3,2853;25500000;83775150;3000000;9855900
04/22/2015;87;NA;18;ST_Banco Do Brazil;USD/BRL.FWD.FAR;FILLED;3,2853;1000000;3285300;1000000;3285300
04/22/2015;71;RBC;10;R5Admin;USD/BRL.FWD.FAR;PARTIALLY_FILLED;3,2853;25500000;83775150;4000000;13141200
04/22/2015;87;NA;18;ST_Banco Do Brazil;USD/BRL.FWD.FAR;FILLED;3,2853;1000000;3285300;1000000;3285300
04/22/2015;71;RBC;10;R5Admin;USD/BRL.FWD.FAR;PARTIALLY_FILLED;3,2853;25500000;83775150;5000000;16426500
04/22/2015;87;NA;18;ST_Banco Do Brazil;USD/BRL.FWD.FAR;FILLED;3,2853;1000000;3285300;1000000;3285300
04/22/2015;71;RBC;10;R5Admin;USD/BRL.FWD.FAR;PARTIALLY_FILLED;3,2853;25500000;83775150;6000000;19711800
04/22/2015;87;NA;18;ST_Banco Do Brazil;USD/BRL.FWD.FAR;FILLED;3,2853;1000000;3285300;1000000;3285300
04/22/2015;71;RBC;10;R5Admin;USD/BRL.FWD.FAR;PARTIALLY_FILLED;3,2853;25500000;83775150;7000000;22997100
04/22/2015;87;NA;18;ST_Banco Do Brazil;USD/BRL.FWD.FAR;FILLED;3,2853;1000000;3285300;1000000;3285300
04/22/2015;71;RBC;10;R5Admin;USD/BRL.FWD.FAR;PARTIALLY_FILLED;3,2853;25500000;83775150;8000000;26282400
04/22/2015;87;NA;18;ST_Banco Do Brazil;USD/BRL.FWD.FAR;FILLED;3,2853;1000000;3285300;1000000;3285300
04/22/2015;87;NA;18;ST_Banco Do Brazil;USD/BRL.FWD.FAR;FILLED;3,2853;1000000;3285300;1000000;3285300
04/22/2015;71;RBC;10;R5Admin;USD/BRL.FWD.FAR;PARTIALLY_FILLED;3,2853;25500000;83775150;2000000;6570600
04/22/2015;87;NA;18;ST_Banco Do Brazil;USD/BRL.FWD.FAR;FILLED;3,2853;1000000;3285300;1000000;3285300
04/22/2015;71;RBC;10;R5Admin;USD/BRL.FWD.FAR;PARTIALLY_FILLED;3,2853;25500000;83775150;3000000;9855900
04/22/2015;87;NA;18;ST_Banco Do Brazil;USD/BRL.FWD.FAR;FILLED;3,2853;1000000;3285300;1000000;3285300
04/22/2015;71;RBC;10;R5Admin;USD/BRL.FWD.FAR;PARTIALLY_FILLED;3,2853;25500000;83775150;4000000;13141200
04/22/2015;87;NA;18;ST_Banco Do Brazil;USD/BRL.FWD.FAR;FILLED;3,2853;1000000;3285300;1000000;3285300
04/22/2015;71;RBC;10;R5Admin;USD/BRL.FWD.FAR;PARTIALLY_FILLED;3,2853;25500000;83775150;5000000;16426500
04/22/2015;87;NA;18;ST_Banco Do Brazil;USD/BRL.FWD.FAR;FILLED;3,2853;1000000;3285300;1000000;3285300
04/22/2015;71;RBC;10;R5Admin;USD/BRL.FWD.FAR;PARTIALLY_FILLED;3,2853;25500000;83775150;6000000;19711800
04/22/2015;87;NA;18;ST_Banco Do Brazil;USD/BRL.FWD.FAR;FILLED;3,2853;1000000;3285300;1000000;3285300
04/22/2015;71;RBC;10;R5Admin;USD/BRL.FWD.FAR;PARTIALLY_FILLED;3,2853;25500000;83775150;7000000;22997100
04/22/2015;87;NA;18;ST_Banco Do Brazil;USD/BRL.FWD.FAR;FILLED;3,2853;1000000;3285300;1000000;3285300
04/22/2015;87;NA;18;ST_Banco Do Brazil;USD/BRL.FWD.FAR;CANCELED;3,2853;1000000;3285300;0;0
04/22/2015;87;NA;18;ST_Banco Do Brazil;USD/BRL.FWD.FAR;FILLED;3,6007;1000000;3600700;1000000;3600700
04/22/2015;71;RBC;10;R5Admin;USD/BRL.FWD.FAR;PARTIALLY_FILLED;3,6007;2300000;8281610;2000000;7201400
04/22/2015;87;NA;18;ST_Banco Do Brazil;USD/BRL.FWD.FAR;FILLED;3,6007;1000000;3600700;1000000;3600700
04/22/2015;71;RBC;10;R5Admin;USD/BRL.FWD.FAR;FILLED;3,6007;2300000;8281610;2300000;8281610
04/22/2015;87;NA;18;ST_Banco Do Brazil;USD/BRL.FWD.FAR;PARTIALLY_FILLED;3,6007;1000000;3600700;300000;1080210
04/22/2015;87;NA;18;ST_Banco Do Brazil;USD/BRL.FWD.FAR;CANCELED;3,6007;1000000;3600700;300000;1080210
04/22/2015;87;NA;18;ST_Banco Do Brazil;USD/BRL.FWD.FAR;CANCELED;3,6007;1000000;3600700;0;0
04/22/2015;87;NA;18;ST_Banco Do Brazil;USD/BRL.FWD.FAR;CANCELED;3,3095;1000000;3309500;0;0
04/22/2015;87;NA;18;ST_Banco Do Brazil;USD/BRL.FWD.FAR;FILLED;3,4276;1000000;3427600;1000000;3427600
04/22/2015;87;NA;18;ST_Banco Do Brazil;USD/BRL.FWD.FAR;FILLED;3,5705;1000000;3570500;1000000;3570500
04/22/2015;71;RBC;10;R5Admin;USD/BRL.FWD.FAR;PARTIALLY_FILLED;3,5705;92900000;331699450;2000000;7141000
04/22/2015;87;NA;18;ST_Banco Do Brazil;USD/BRL.FWD.FAR;FILLED;3,5705;1000000;3570500;1000000;3570500
04/22/2015;71;RBC;10;R5Admin;USD/BRL.FWD.FAR;PARTIALLY_FILLED;3,5705;92900000;331699450;3000000;10711500
04/22/2015;87;NA;18;ST_Banco Do Brazil;USD/BRL.FWD.FAR;FILLED;3,5705;1000000;3570500;1000000;3570500
04/22/2015;87;NA;18;ST_Banco Do Brazil;USD/BRL.FWD.FAR;FILLED;3,5705;1000000;3570500;1000000;3570500
04/22/2015;71;RBC;10;R5Admin;USD/BRL.FWD.FAR;PARTIALLY_FILLED;3,5705;92900000;331699450;2000000;7141000
04/22/2015;87;NA;18;ST_Banco Do Brazil;USD/BRL.FWD.FAR;FILLED;3,5705;1000000;3570500;1000000;3570500
04/22/2015;71;RBC;10;R5Admin;USD/BRL.FWD.FAR;PARTIALLY_FILLED;3,5705;92900000;331699450;3000000;10711500
04/22/2015;87;NA;18;ST_Banco Do Brazil;USD/BRL.FWD.FAR;FILLED;3,5705;1000000;3570500;1000000;3570500
04/22/2015;71;RBC;10;R5Admin;USD/BRL.FWD.FAR;PARTIALLY_FILLED;3,5705;92900000;331699450;4000000;14282000
04/22/2015;87;NA;18;ST_Banco Do Brazil;USD/BRL.FWD.FAR;FILLED;3,5705;1000000;3570500;1000000;3570500
04/22/2015;71;RBC;10;R5Admin;USD/BRL.FWD.FAR;PARTIALLY_FILLED;3,5705;92900000;331699450;5000000;17852500
04/22/2015;87;NA;18;ST_Banco Do Brazil;USD/BRL.FWD.FAR;FILLED;3,5705;1000000;3570500;1000000;3570500
04/22/2015;71;RBC;10;R5Admin;USD/BRL.FWD.FAR;PARTIALLY_FILLED;3,5705;92900000;331699450;6000000;21423000
04/22/2015;87;NA;18;ST_Banco Do Brazil;USD/BRL.FWD.FAR;FILLED;3,5705;1000000;3570500;1000000;3570500
04/22/2015;87;NA;18;ST_Banco Do Brazil;USD/BRL.FWD.FAR;FILLED;3,5189;1000000;3518900;1000000;3518900
04/22/2015;71;RBC;10;R5Admin;USD/BRL.FWD.FAR;PARTIALLY_FILLED;3,5189;30500000;107326450;2000000;7037800
04/22/2015;87;NA;18;ST_Banco Do Brazil;USD/BRL.FWD.FAR;FILLED;3,5189;1000000;3518900;1000000;3518900
04/22/2015;71;RBC;10;R5Admin;USD/BRL.FWD.FAR;PARTIALLY_FILLED;3,5189;30500000;107326450;3000000;10556700
04/22/2015;87;NA;18;ST_Banco Do Brazil;USD/BRL.FWD.FAR;FILLED;3,5189;1000000;3518900;1000000;3518900
04/22/2015;87;NA;18;ST_Banco Do Brazil;USD/BRL.FWD.FAR;FILLED;3,3707;1000000;3370700;1000000;3370700
04/22/2015;71;RBC;10;R5Admin;USD/BRL.FWD.FAR;PARTIALLY_FILLED;3,3707;56900000;191792830;2000000;6741400
04/22/2015;87;NA;18;ST_Banco Do Brazil;USD/BRL.FWD.FAR;FILLED;3,3707;1000000;3370700;1000000;3370700
04/22/2015;71;RBC;10;R5Admin;USD/BRL.FWD.FAR;PARTIALLY_FILLED;3,3707;56900000;191792830;3000000;10112100
04/22/2015;87;NA;18;ST_Banco Do Brazil;USD/BRL.FWD.FAR;FILLED;3,3707;1000000;3370700;1000000;3370700
04/22/2015;87;NA;18;ST_Banco Do Brazil;USD/BRL.FWD.FAR;FILLED;3,0115;1000000;3011500;1000000;3011500
04/22/2015;87;NA;18;ST_Banco Do Brazil;USD/BRL.FWD.FAR;FILLED;3,0943;1000000;3094300;1000000;3094300
04/22/2015;71;RBC;10;R5Admin;USD/BRL.FWD.FAR;PARTIALLY_FILLED;3,0943;84700000;262087210;2000000;6188600
04/22/2015;87;NA;18;ST_Banco Do Brazil;USD/BRL.FWD.FAR;FILLED;3,0943;1000000;3094300;1000000;3094300
04/22/2015;71;RBC;10;R5Admin;USD/BRL.FWD.FAR;PARTIALLY_FILLED;3,0943;84700000;262087210;3000000;9282900
04/22/2015;87;NA;18;ST_Banco Do Brazil;USD/BRL.FWD.FAR;FILLED;3,0943;1000000;3094300;1000000;3094300
04/22/2015;71;RBC;10;R5Admin;USD/BRL.FWD.FAR;PARTIALLY_FILLED;3,0943;84700000;262087210;4000000;12377200
04/22/2015;87;NA;18;ST_Banco Do Brazil;USD/BRL.FWD.FAR;FILLED;3,0943;1000000;3094300;1000000;3094300
04/22/2015;71;RBC;10;R5Admin;USD/BRL.FWD.FAR;PARTIALLY_FILLED;3,0943;84700000;262087210;5000000;15471500
04/22/2015;87;NA;18;ST_Banco Do Brazil;USD/BRL.FWD.FAR;FILLED;3,0943;1000000;3094300;1000000;3094300
04/22/2015;71;RBC;10;R5Admin;USD/BRL.FWD.FAR;PARTIALLY_FILLED;3,0943;84700000;262087210;6000000;18565800
04/22/2015;87;NA;18;ST_Banco Do Brazil;USD/BRL.FWD.FAR;FILLED;3,0943;1000000;3094300;1000000;3094300
04/22/2015;87;NA;18;ST_Banco Do Brazil;USD/BRL.FWD.FAR;FILLED;3,0943;1000000;3094300;1000000;3094300
04/22/2015;71;RBC;10;R5Admin;USD/BRL.FWD.FAR;PARTIALLY_FILLED;3,0943;84700000;262087210;2000000;6188600
04/22/2015;87;NA;18;ST_Banco Do Brazil;USD/BRL.FWD.FAR;FILLED;3,0943;1000000;3094300;1000000;3094300
04/22/2015;87;NA;18;ST_Banco Do Brazil;USD/BRL.FWD.FAR;FILLED;3,2394;1000000;3239400;1000000;3239400
04/22/2015;71;RBC;10;R5Admin;USD/BRL.FWD.FAR;PARTIALLY_FILLED;3,2394;42600000;137998440;2000000;6478800
04/22/2015;87;NA;18;ST_Banco Do Brazil;USD/BRL.FWD.FAR;FILLED;3,2394;1000000;3239400;1000000;3239400
04/22/2015;71;RBC;10;R5Admin;USD/BRL.FWD.FAR;PARTIALLY_FILLED;3,2394;42600000;137998440;3000000;9718200
04/22/2015;87;NA;18;ST_Banco Do Brazil;USD/BRL.FWD.FAR;FILLED;3,2394;1000000;3239400;1000000;3239400
04/22/2015;71;RBC;10;R5Admin;USD/BRL.FWD.FAR;PARTIALLY_FILLED;3,2394;42600000;137998440;4000000;12957600
04/22/2015;87;NA;18;ST_Banco Do Brazil;USD/BRL.FWD.FAR;FILLED;3,2394;1000000;3239400;1000000;3239400
04/22/2015;87;NA;18;ST_Banco Do Brazil;USD/BRL.FWD.FAR;FILLED;3,2394;1000000;3239400;1000000;3239400
04/22/2015;71;RBC;10;R5Admin;USD/BRL.FWD.FAR;PARTIALLY_FILLED;3,2394;42600000;137998440;2000000;6478800
04/22/2015;87;NA;18;ST_Banco Do Brazil;USD/BRL.FWD.FAR;FILLED;3,2394;1000000;3239400;1000000;3239400
04/22/2015;71;RBC;10;R5Admin;USD/BRL.FWD.FAR;PARTIALLY_FILLED;3,2394;42600000;137998440;3000000;9718200
04/22/2015;87;NA;18;ST_Banco Do Brazil;USD/BRL.FWD.FAR;FILLED;3,2394;1000000;3239400;1000000;3239400
04/22/2015;71;RBC;10;R5Admin;USD/BRL.FWD.FAR;PARTIALLY_FILLED;3,2394;42600000;137998440;4000000;12957600
04/22/2015;87;NA;18;ST_Banco Do Brazil;USD/BRL.FWD.FAR;FILLED;3,2394;1000000;3239400;1000000;3239400
04/22/2015;71;RBC;10;R5Admin;USD/BRL.FWD.FAR;PARTIALLY_FILLED;3,2394;42600000;137998440;5000000;16197000
04/22/2015;87;NA;18;ST_Banco Do Brazil;USD/BRL.FWD.FAR;FILLED;3,2394;1000000;3239400;1000000;3239400
04/22/2015;71;RBC;10;R5Admin;USD/BRL.FWD.FAR;PARTIALLY_FILLED;3,2394;42600000;137998440;6000000;19436400
04/22/2015;87;NA;18;ST_Banco Do Brazil;USD/BRL.FWD.FAR;FILLED;3,2394;1000000;3239400;1000000;3239400
04/22/2015;87;NA;18;ST_Banco Do Brazil;USD/BRL.FWD.FAR;FILLED;3,2394;1000000;3239400;1000000;3239400
04/22/2015;71;RBC;10;R5Admin;USD/BRL.FWD.FAR;PARTIALLY_FILLED;3,2394;42600000;137998440;2000000;6478800
04/22/2015;87;NA;18;ST_Banco Do Brazil;USD/BRL.FWD.FAR;FILLED;3,2394;1000000;3239400;1000000;3239400
04/22/2015;71;RBC;10;R5Admin;USD/BRL.FWD.FAR;PARTIALLY_FILLED;3,2394;42600000;137998440;3000000;9718200
04/22/2015;87;NA;18;ST_Banco Do Brazil;USD/BRL.FWD.FAR;FILLED;3,2394;1000000;3239400;1000000;3239400
04/22/2015;71;RBC;10;R5Admin;USD/BRL.FWD.FAR;PARTIALLY_FILLED;3,2394;42600000;137998440;4000000;12957600
04/22/2015;87;NA;18;ST_Banco Do Brazil;USD/BRL.FWD.FAR;FILLED;3,2394;1000000;3239400;1000000;3239400
04/22/2015;71;RBC;10;R5Admin;USD/BRL.FWD.FAR;PARTIALLY_FILLED;3,2394;42600000;137998440;5000000;16197000
04/22/2015;87;NA;18;ST_Banco Do Brazil;USD/BRL.FWD.FAR;FILLED;3,2394;1000000;3239400;1000000;3239400
04/22/2015;71;RBC;10;R5Admin;USD/BRL.FWD.FAR;PARTIALLY_FILLED;3,2394;42600000;137998440;6000000;19436400
04/22/2015;87;NA;18;ST_Banco Do Brazil;USD/BRL.FWD.FAR;FILLED;3,2394;1000000;3239400;1000000;3239400
04/22/2015;71;RBC;10;R5Admin;USD/BRL.FWD.FAR;PARTIALLY_FILLED;3,2394;42600000;137998440;7000000;22675800
04/22/2015;87;NA;18;ST_Banco Do Brazil;USD/BRL.FWD.FAR;FILLED;3,2394;1000000;3239400;1000000;3239400
04/22/2015;71;RBC;10;R5Admin;USD/BRL.FWD.FAR;PARTIALLY_FILLED;3,2394;42600000;137998440;8000000;25915200
04/22/2015;87;NA;18;ST_Banco Do Brazil;USD/BRL.FWD.FAR;FILLED;3,2394;1000000;3239400;1000000;3239400
04/22/2015;87;NA;18;ST_Banco Do Brazil;USD/BRL.FWD.FAR;FILLED;3,2317;1000000;3231700;1000000;3231700
04/22/2015;87;NA;18;ST_Banco Do Brazil;USD/BRL.FWD.FAR;FILLED;3,2317;1000000;3231700;1000000;3231700
04/22/2015;71;RBC;10;R5Admin;USD/BRL.FWD.FAR;PARTIALLY_FILLED;3,2317;44400000;143487480;2000000;6463400
04/22/2015;87;NA;18;ST_Banco Do Brazil;USD/BRL.FWD.FAR;FILLED;3,2317;1000000;3231700;1000000;3231700
04/22/2015;71;RBC;10;R5Admin;USD/BRL.FWD.FAR;PARTIALLY_FILLED;3,2317;44400000;143487480;3000000;9695100
04/22/2015;87;NA;18;ST_Banco Do Brazil;USD/BRL.FWD.FAR;FILLED;3,2317;1000000;3231700;1000000;3231700
04/22/2015;71;RBC;10;R5Admin;USD/BRL.FWD.FAR;PARTIALLY_FILLED;3,2317;44400000;143487480;4000000;12926800
04/22/2015;87;NA;18;ST_Banco Do Brazil;USD/BRL.FWD.FAR;FILLED;3,2317;1000000;3231700;1000000;3231700
04/22/2015;71;RBC;10;R5Admin;USD/BRL.FWD.FAR;PARTIALLY_FILLED;3,2317;44400000;143487480;5000000;16158500
04/22/2015;87;NA;18;ST_Banco Do Brazil;USD/BRL.FWD.FAR;FILLED;3,2317;1000000;3231700;1000000;3231700
04/22/2015;71;RBC;10;R5Admin;USD/BRL.FWD.FAR;PARTIALLY_FILLED;3,2317;44400000;143487480;6000000;19390200
04/22/2015;87;NA;18;ST_Banco Do Brazil;USD/BRL.FWD.FAR;FILLED;3,2317;1000000;3231700;1000000;3231700
04/22/2015;87;NA;18;ST_Banco Do Brazil;USD/BRL.FWD.FAR;FILLED;3,2317;1000000;3231700;1000000;3231700
04/22/2015;71;RBC;10;R5Admin;USD/BRL.FWD.FAR;PARTIALLY_FILLED;3,2317;44400000;143487480;2000000;6463400
04/22/2015;87;NA;18;ST_Banco Do Brazil;USD/BRL.FWD.FAR;FILLED;3,2317;1000000;3231700;1000000;3231700
04/22/2015;71;RBC;10;R5Admin;USD/BRL.FWD.FAR;PARTIALLY_FILLED;3,2317;44400000;143487480;3000000;9695100
04/22/2015;87;NA;18;ST_Banco Do Brazil;USD/BRL.FWD.FAR;FILLED;3,2317;1000000;3231700;1000000;3231700
04/22/2015;71;RBC;10;R5Admin;USD/BRL.FWD.FAR;PARTIALLY_FILLED;3,2317;44400000;143487480;4000000;12926800
04/22/2015;87;NA;18;ST_Banco Do Brazil;USD/BRL.FWD.FAR;FILLED;3,2317;1000000;3231700;1000000;3231700
04/22/2015;71;RBC;10;R5Admin;USD/BRL.FWD.FAR;PARTIALLY_FILLED;3,2317;44400000;143487480;5000000;16158500
04/22/2015;87;NA;18;ST_Banco Do Brazil;USD/BRL.FWD.FAR;FILLED;3,2317;1000000;3231700;1000000;3231700
04/22/2015;71;RBC;10;R5Admin;USD/BRL.FWD.FAR;PARTIALLY_FILLED;3,2317;44400000;143487480;6000000;19390200
04/22/2015;87;NA;18;ST_Banco Do Brazil;USD/BRL.FWD.FAR;FILLED;3,2317;1000000;3231700;1000000;3231700
04/22/2015;71;RBC;10;R5Admin;USD/BRL.FWD.FAR;PARTIALLY_FILLED;3,2317;44400000;143487480;7000000;22621900
04/22/2015;87;NA;18;ST_Banco Do Brazil;USD/BRL.FWD.FAR;FILLED;3,2317;1000000;3231700;1000000;3231700
04/22/2015;71;RBC;10;R5Admin;USD/BRL.FWD.FAR;PARTIALLY_FILLED;3,2317;44400000;143487480;8000000;25853600
04/22/2015;87;NA;18;ST_Banco Do Brazil;USD/BRL.FWD.FAR;FILLED;3,2317;1000000;3231700;1000000;3231700
04/22/2015;71;RBC;10;R5Admin;USD/BRL.FWD.FAR;PARTIALLY_FILLED;3,2317;44400000;143487480;9000000;29085300
04/22/2015;87;NA;18;ST_Banco Do Brazil;USD/BRL.FWD.FAR;FILLED;3,2317;1000000;3231700;1000000;3231700
04/22/2015;87;NA;18;ST_Banco Do Brazil;USD/BRL.FWD.FAR;FILLED;3,2317;1000000;3231700;1000000;3231700
04/22/2015;71;RBC;10;R5Admin;USD/BRL.FWD.FAR;PARTIALLY_FILLED;3,2317;44400000;143487480;2000000;6463400
04/22/2015;87;NA;18;ST_Banco Do Brazil;USD/BRL.FWD.FAR;FILLED;3,2317;1000000;3231700;1000000;3231700
04/22/2015;71;RBC;10;R5Admin;USD/BRL.FWD.FAR;PARTIALLY_FILLED;3,2317;44400000;143487480;3000000;9695100
04/22/2015;87;NA;18;ST_Banco Do Brazil;USD/BRL.FWD.FAR;FILLED;3,2317;1000000;3231700;1000000;3231700
04/22/2015;71;RBC;10;R5Admin;USD/BRL.FWD.FAR;PARTIALLY_FILLED;3,2317;44400000;143487480;4000000;12926800
04/22/2015;87;NA;18;ST_Banco Do Brazil;USD/BRL.FWD.FAR;FILLED;3,2317;1000000;3231700;1000000;3231700
04/22/2015;71;RBC;10;R5Admin;USD/BRL.FWD.FAR;PARTIALLY_FILLED;3,2317;44400000;143487480;5000000;16158500
04/22/2015;87;NA;18;ST_Banco Do Brazil;USD/BRL.FWD.FAR;FILLED;3,2317;1000000;3231700;1000000;3231700
04/22/2015;87;NA;18;ST_Banco Do Brazil;USD/BRL.FWD.FAR;NEW;3,5059;1000000;3505900;0;0
04/22/2015;87;NA;18;ST_Banco Do Brazil;USD/BRL.FWD.FAR;NEW;3,5059;1000000;3505900;0;0
04/22/2015;87;NA;18;ST_Banco Do Brazil;USD/BRL.FWD.FAR;NEW;3,5059;1000000;3505900;0;0
04/22/2015;87;NA;18;ST_Banco Do Brazil;USD/BRL.FWD.FAR;NEW;3,5059;1000000;3505900;0;0
04/22/2015;87;NA;18;ST_Banco Do Brazil;USD/BRL.FWD.FAR;NEW;3,5059;1000000;3505900;0;0
04/22/2015;87;NA;18;ST_Banco Do Brazil;USD/BRL.FWD.FAR;NEW;3,5059;1000000;3505900;0;0
04/22/2015;87;NA;18;ST_Banco Do Brazil;USD/BRL.FWD.FAR;NEW;3,5059;1000000;3505900;0;0
04/22/2015;87;NA;18;ST_Banco Do Brazil;USD/BRL.FWD.FAR;NEW;3,5059;1000000;3505900;0;0
04/22/2015;87;NA;18;ST_Banco Do Brazil;USD/BRL.FWD.FAR;NEW;3,5059;1000000;3505900;0;0
04/22/2015;87;NA;18;ST_Banco Do Brazil;USD/BRL.FWD.FAR;NEW;3,5059;1000000;3505900;0;0
04/22/2015;87;NA;18;ST_Banco Do Brazil;USD/BRL.FWD.FAR;NEW;3,5059;1000000;3505900;0;0
04/22/2015;87;NA;18;ST_Banco Do Brazil;USD/BRL.FWD.FAR;NEW;3,5059;1000000;3505900;0;0
04/22/2015;87;NA;18;ST_Banco Do Brazil;USD/BRL.FWD.FAR;NEW;3,5059;1000000;3505900;0;0
04/22/2015;87;NA;18;ST_Banco Do Brazil;USD/BRL.FWD.FAR;NEW;3,5059;1000000;3505900;0;0
04/22/2015;87;NA;18;ST_Banco Do Brazil;USD/BRL.FWD.FAR;NEW;3,5059;1000000;3505900;0;0
04/22/2015;87;NA;18;ST_Banco Do Brazil;USD/BRL.FWD.FAR;NEW;3,5059;1000000;3505900;0;0
04/22/2015;87;NA;18;ST_Banco Do Brazil;USD/BRL.FWD.FAR;NEW;3,5059;1000000;3505900;0;0
04/22/2015;87;NA;18;ST_Banco Do Brazil;USD/BRL.FWD.FAR;NEW;3,5059;1000000;3505900;0;0
04/22/2015;87;NA;18;ST_Banco Do Brazil;USD/BRL.FWD.FAR;NEW;3,5059;1000000;3505900;0;0
04/22/2015;87;NA;18;ST_Banco Do Brazil;USD/BRL.FWD.FAR;NEW;3,5059;1000000;3505900;0;0
04/22/2015;87;NA;18;ST_Banco Do Brazil;USD/BRL.FWD.FAR;NEW;3,5059;1000000;3505900;0;0
04/22/2015;87;NA;18;ST_Banco Do Brazil;USD/BRL.FWD.FAR;NEW;3,5059;1000000;3505900;0;0
04/22/2015;87;NA;18;ST_Banco Do Brazil;USD/BRL.FWD.FAR;NEW;3,5059;1000000;3505900;0;0
04/22/2015;87;NA;18;ST_Banco Do Brazil;USD/BRL.FWD.FAR;NEW;3,5059;1000000;3505900;0;0
04/22/2015;87;NA;18;ST_Banco Do Brazil;USD/BRL.FWD.FAR;NEW;3,5059;1000000;3505900;0;0
04/22/2015;87;NA;18;ST_Banco Do Brazil;USD/BRL.FWD.FAR;NEW;3,5059;1000000;3505900;0;0
04/22/2015;87;NA;18;ST_Banco Do Brazil;USD/BRL.FWD.FAR;NEW;3,5059;1000000;3505900;0;0
04/22/2015;87;NA;18;ST_Banco Do Brazil;USD/BRL.FWD.FAR;NEW;3,5059;1000000;3505900;0;0
04/22/2015;87;NA;18;ST_Banco Do Brazil;USD/BRL.FWD.FAR;NEW;3,5059;1000000;3505900;0;0
04/22/2015;87;NA;18;ST_Banco Do Brazil;USD/BRL.FWD.FAR;NEW;3,5059;1000000;3505900;0;0
04/22/2015;87;NA;18;ST_Banco Do Brazil;USD/BRL.FWD.FAR;NEW;3,5059;1000000;3505900;0;0
04/22/2015;87;NA;18;ST_Banco Do Brazil;USD/BRL.FWD.FAR;NEW;3,5059;1000000;3505900;0;0
04/22/2015;87;NA;18;ST_Banco Do Brazil;USD/BRL.FWD.FAR;NEW;3,5059;1000000;3505900;0;0
04/22/2015;87;NA;18;ST_Banco Do Brazil;USD/BRL.FWD.FAR;NEW;3,5059;1000000;3505900;0;0
04/22/2015;87;NA;18;ST_Banco Do Brazil;USD/BRL.FWD.FAR;NEW;3,5059;1000000;3505900;0;0
04/22/2015;87;NA;18;ST_Banco Do Brazil;USD/BRL.FWD.FAR;NEW;3,0663;1000000;3066300;0;0
04/22/2015;87;NA;18;ST_Banco Do Brazil;USD/BRL.FWD.FAR;NEW;3,0663;1000000;3066300;0;0
04/22/2015;87;NA;18;ST_Banco Do Brazil;USD/BRL.FWD.FAR;NEW;3,0663;1000000;3066300;0;0
04/22/2015;87;NA;18;ST_Banco Do Brazil;USD/BRL.FWD.FAR;NEW;3,0663;1000000;3066300;0;0
04/22/2015;87;NA;18;ST_Banco Do Brazil;USD/BRL.FWD.FAR;NEW;3,0663;1000000;3066300;0;0
04/22/2015;87;NA;18;ST_Banco Do Brazil;USD/BRL.FWD.FAR;NEW;3,0663;1000000;3066300;0;0
04/22/2015;87;NA;18;ST_Banco Do Brazil;USD/BRL.FWD.FAR;NEW;3,0663;1000000;3066300;0;0
04/22/2015;87;NA;18;ST_Banco Do Brazil;USD/BRL.FWD.FAR;NEW;3,0663;1000000;3066300;0;0
04/22/2015;87;NA;18;ST_Banco Do Brazil;USD/BRL.FWD.FAR;NEW;3,0663;1000000;3066300;0;0
04/22/2015;87;NA;18;ST_Banco Do Brazil;USD/BRL.FWD.FAR;NEW;3,0663;1000000;3066300;0;0
04/22/2015;87;NA;18;ST_Banco Do Brazil;USD/BRL.FWD.FAR;NEW;3,0663;1000000;3066300;0;0
04/22/2015;87;NA;18;ST_Banco Do Brazil;USD/BRL.FWD.FAR;NEW;3,0663;1000000;3066300;0;0
04/22/2015;87;NA;18;ST_Banco Do Brazil;USD/BRL.FWD.FAR;NEW;3,0663;1000000;3066300;0;0
04/22/2015;87;NA;18;ST_Banco Do Brazil;USD/BRL.FWD.FAR;NEW;3,0663;1000000;3066300;0;0
04/22/2015;87;NA;18;ST_Banco Do Brazil;USD/BRL.FWD.FAR;NEW;3,0663;1000000;3066300;0;0
04/22/2015;87;NA;18;ST_Banco Do Brazil;USD/BRL.FWD.FAR;NEW;3,0663;1000000;3066300;0;0
04/22/2015;87;NA;18;ST_Banco Do Brazil;USD/BRL.FWD.FAR;NEW;3,0663;1000000;3066300;0;0
04/22/2015;87;NA;18;ST_Banco Do Brazil;USD/BRL.FWD.FAR;NEW;3,0663;1000000;3066300;0;0
04/22/2015;87;NA;18;ST_Banco Do Brazil;USD/BRL.FWD.FAR;NEW;3,0663;1000000;3066300;0;0
04/22/2015;87;NA;18;ST_Banco Do Brazil;USD/BRL.FWD.FAR;NEW;3,0663;1000000;3066300;0;0
04/22/2015;87;NA;18;ST_Banco Do Brazil;USD/BRL.FWD.FAR;NEW;3,0663;1000000;3066300;0;0
04/22/2015;87;NA;18;ST_Banco Do Brazil;USD/BRL.FWD.FAR;NEW;3,0663;1000000;3066300;0;0
04/22/2015;87;NA;18;ST_Banco Do Brazil;USD/BRL.FWD.FAR;NEW;3,0663;1000000;3066300;0;0
04/22/2015;87;NA;18;ST_Banco Do Brazil;USD/BRL.FWD.FAR;NEW;3,0663;1000000;3066300;0;0
04/22/2015;87;NA;18;ST_Banco Do Brazil;USD/BRL.FWD.FAR;NEW;3,0663;1000000;3066300;0;0
04/22/2015;87;NA;18;ST_Banco Do Brazil;USD/BRL.FWD.FAR;NEW;3,0663;1000000;3066300;0;0
04/22/2015;87;NA;18;ST_Banco Do Brazil;USD/BRL.FWD.FAR;NEW;3,0663;1000000;3066300;0;0
04/22/2015;87;NA;18;ST_Banco Do Brazil;USD/BRL.FWD.FAR;NEW;3,0663;1000000;3066300;0;0
04/22/2015;87;NA;18;ST_Banco Do Brazil;USD/BRL.FWD.FAR;NEW;3,192;1000000;3192000;0;0
04/22/2015;87;NA;18;ST_Banco Do Brazil;USD/BRL.FWD.FAR;NEW;3,192;1000000;3192000;0;0
04/22/2015;87;NA;18;ST_Banco Do Brazil;USD/BRL.FWD.FAR;NEW;3,192;1000000;3192000;0;0
04/22/2015;87;NA;18;ST_Banco Do Brazil;USD/BRL.FWD.FAR;NEW;3,192;1000000;3192000;0;0
04/22/2015;87;NA;18;ST_Banco Do Brazil;USD/BRL.FWD.FAR;NEW;3,192;1000000;3192000;0;0
04/22/2015;87;NA;18;ST_Banco Do Brazil;USD/BRL.FWD.FAR;NEW;3,192;1000000;3192000;0;0
04/22/2015;87;NA;18;ST_Banco Do Brazil;USD/BRL.FWD.FAR;CANCELED;3,5059;1000000;3505900;0;0
04/22/2015;87;NA;18;ST_Banco Do Brazil;USD/BRL.FWD.FAR;CANCELED;3,5059;1000000;3505900;0;0
04/22/2015;87;NA;18;ST_Banco Do Brazil;USD/BRL.FWD.FAR;CANCELED;3,5059;1000000;3505900;0;0
04/22/2015;87;NA;18;ST_Banco Do Brazil;USD/BRL.FWD.FAR;CANCELED;3,5059;1000000;3505900;0;0
04/22/2015;87;NA;18;ST_Banco Do Brazil;USD/BRL.FWD.FAR;CANCELED;3,5059;1000000;3505900;0;0
04/22/2015;87;NA;18;ST_Banco Do Brazil;USD/BRL.FWD.FAR;CANCELED;3,5059;1000000;3505900;0;0
04/22/2015;87;NA;18;ST_Banco Do Brazil;USD/BRL.FWD.FAR;CANCELED;3,5059;1000000;3505900;0;0
04/22/2015;87;NA;18;ST_Banco Do Brazil;USD/BRL.FWD.FAR;CANCELED;3,5059;1000000;3505900;0;0
04/22/2015;87;NA;18;ST_Banco Do Brazil;USD/BRL.FWD.FAR;CANCELED;3,5059;1000000;3505900;0;0
04/22/2015;87;NA;18;ST_Banco Do Brazil;USD/BRL.FWD.FAR;CANCELED;3,5059;1000000;3505900;0;0
04/22/2015;87;NA;18;ST_Banco Do Brazil;USD/BRL.FWD.FAR;CANCELED;3,192;1000000;3192000;0;0
04/22/2015;87;NA;18;ST_Banco Do Brazil;USD/BRL.FWD.FAR;CANCELED;3,5059;1000000;3505900;0;0
04/22/2015;87;NA;18;ST_Banco Do Brazil;USD/BRL.FWD.FAR;CANCELED;3,192;1000000;3192000;0;0
04/22/2015;87;NA;18;ST_Banco Do Brazil;USD/BRL.FWD.FAR;CANCELED;3,5059;1000000;3505900;0;0
04/22/2015;87;NA;18;ST_Banco Do Brazil;USD/BRL.FWD.FAR;CANCELED;3,192;1000000;3192000;0;0
04/22/2015;87;NA;18;ST_Banco Do Brazil;USD/BRL.FWD.FAR;CANCELED;3,5059;1000000;3505900;0;0
04/22/2015;87;NA;18;ST_Banco Do Brazil;USD/BRL.FWD.FAR;CANCELED;3,192;1000000;3192000;0;0
04/22/2015;87;NA;18;ST_Banco Do Brazil;USD/BRL.FWD.FAR;CANCELED;3,5059;1000000;3505900;0;0
04/22/2015;87;NA;18;ST_Banco Do Brazil;USD/BRL.FWD.FAR;CANCELED;3,192;1000000;3192000;0;0
04/22/2015;87;NA;18;ST_Banco Do Brazil;USD/BRL.FWD.FAR;CANCELED;3,0663;1000000;3066300;0;0
04/22/2015;87;NA;18;ST_Banco Do Brazil;USD/BRL.FWD.FAR;CANCELED;3,192;1000000;3192000;0;0
04/22/2015;87;NA;18;ST_Banco Do Brazil;USD/BRL.FWD.FAR;CANCELED;3,0663;1000000;3066300;0;0
04/22/2015;87;NA;18;ST_Banco Do Brazil;USD/BRL.FWD.FAR;CANCELED;3,5059;1000000;3505900;0;0
04/22/2015;87;NA;18;ST_Banco Do Brazil;USD/BRL.FWD.FAR;CANCELED;3,0663;1000000;3066300;0;0
04/22/2015;87;NA;18;ST_Banco Do Brazil;USD/BRL.FWD.FAR;CANCELED;3,5059;1000000;3505900;0;0
04/22/2015;87;NA;18;ST_Banco Do Brazil;USD/BRL.FWD.FAR;CANCELED;3,5059;1000000;3505900;0;0
04/22/2015;87;NA;18;ST_Banco Do Brazil;USD/BRL.FWD.FAR;CANCELED;3,5059;1000000;3505900;0;0
04/22/2015;87;NA;18;ST_Banco Do Brazil;USD/BRL.FWD.FAR;CANCELED;3,5059;1000000;3505900;0;0
04/22/2015;87;NA;18;ST_Banco Do Brazil;USD/BRL.FWD.FAR;CANCELED;3,5059;1000000;3505900;0;0
04/22/2015;87;NA;18;ST_Banco Do Brazil;USD/BRL.FWD.FAR;CANCELED;3,0663;1000000;3066300;0;0
04/22/2015;87;NA;18;ST_Banco Do Brazil;USD/BRL.FWD.FAR;CANCELED;3,0663;1000000;3066300;0;0
04/22/2015;87;NA;18;ST_Banco Do Brazil;USD/BRL.FWD.FAR;CANCELED;3,0663;1000000;3066300;0;0
04/22/2015;87;NA;18;ST_Banco Do Brazil;USD/BRL.FWD.FAR;CANCELED;3,0663;1000000;3066300;0;0
04/22/2015;87;NA;18;ST_Banco Do Brazil;USD/BRL.FWD.FAR;CANCELED;3,0663;1000000;3066300;0;0
04/22/2015;87;NA;18;ST_Banco Do Brazil;USD/BRL.FWD.FAR;CANCELED;3,0663;1000000;3066300;0;0
04/22/2015;87;NA;18;ST_Banco Do Brazil;USD/BRL.FWD.FAR;CANCELED;3,5059;1000000;3505900;0;0
04/22/2015;87;NA;18;ST_Banco Do Brazil;USD/BRL.FWD.FAR;CANCELED;3,0663;1000000;3066300;0;0
04/22/2015;87;NA;18;ST_Banco Do Brazil;USD/BRL.FWD.FAR;CANCELED;3,5059;1000000;3505900;0;0
04/22/2015;87;NA;18;ST_Banco Do Brazil;USD/BRL.FWD.FAR;CANCELED;3,0663;1000000;3066300;0;0
04/22/2015;87;NA;18;ST_Banco Do Brazil;USD/BRL.FWD.FAR;CANCELED;3,5059;1000000;3505900;0;0
04/22/2015;87;NA;18;ST_Banco Do Brazil;USD/BRL.FWD.FAR;CANCELED;3,0663;1000000;3066300;0;0
04/22/2015;87;NA;18;ST_Banco Do Brazil;USD/BRL.FWD.FAR;CANCELED;3,5059;1000000;3505900;0;0
04/22/2015;87;NA;18;ST_Banco Do Brazil;USD/BRL.FWD.FAR;CANCELED;3,0663;1000000;3066300;0;0
04/22/2015;87;NA;18;ST_Banco Do Brazil;USD/BRL.FWD.FAR;CANCELED;3,0663;1000000;3066300;0;0
04/22/2015;87;NA;18;ST_Banco Do Brazil;USD/BRL.FWD.FAR;CANCELED;3,5059;1000000;3505900;0;0
04/22/2015;87;NA;18;ST_Banco Do Brazil;USD/BRL.FWD.FAR;CANCELED;3,0663;1000000;3066300;0;0
04/22/2015;87;NA;18;ST_Banco Do Brazil;USD/BRL.FWD.FAR;CANCELED;3,0663;1000000;3066300;0;0
04/22/2015;87;NA;18;ST_Banco Do Brazil;USD/BRL.FWD.FAR;CANCELED;3,0663;1000000;3066300;0;0
04/22/2015;87;NA;18;ST_Banco Do Brazil;USD/BRL.FWD.FAR;CANCELED;3,0663;1000000;3066300;0;0
04/22/2015;87;NA;18;ST_Banco Do Brazil;USD/BRL.FWD.FAR;CANCELED;3,5059;1000000;3505900;0;0
04/22/2015;87;NA;18;ST_Banco Do Brazil;USD/BRL.FWD.FAR;CANCELED;3,0663;1000000;3066300;0;0
04/22/2015;87;NA;18;ST_Banco Do Brazil;USD/BRL.FWD.FAR;CANCELED;3,0663;1000000;3066300;0;0
04/22/2015;87;NA;18;ST_Banco Do Brazil;USD/BRL.FWD.FAR;CANCELED;3,5059;1000000;3505900;0;0
04/22/2015;87;NA;18;ST_Banco Do Brazil;USD/BRL.FWD.FAR;CANCELED;3,0663;1000000;3066300;0;0
04/22/2015;87;NA;18;ST_Banco Do Brazil;USD/BRL.FWD.FAR;CANCELED;3,5059;1000000;3505900;0;0
04/22/2015;87;NA;18;ST_Banco Do Brazil;USD/BRL.FWD.FAR;CANCELED;3,0663;1000000;3066300;0;0
04/22/2015;87;NA;18;ST_Banco Do Brazil;USD/BRL.FWD.FAR;CANCELED;3,5059;1000000;3505900;0;0
04/22/2015;87;NA;18;ST_Banco Do Brazil;USD/BRL.FWD.FAR;CANCELED;3,0663;1000000;3066300;0;0
04/22/2015;87;NA;18;ST_Banco Do Brazil;USD/BRL.FWD.FAR;CANCELED;3,5059;1000000;3505900;0;0
04/22/2015;87;NA;18;ST_Banco Do Brazil;USD/BRL.FWD.FAR;CANCELED;3,0663;1000000;3066300;0;0
04/22/2015;87;NA;18;ST_Banco Do Brazil;USD/BRL.FWD.FAR;CANCELED;3,5059;1000000;3505900;0;0
04/22/2015;87;NA;18;ST_Banco Do Brazil;USD/BRL.FWD.FAR;CANCELED;3,0663;1000000;3066300;0;0
04/22/2015;87;NA;18;ST_Banco Do Brazil;USD/BRL.FWD.FAR;CANCELED;3,5059;1000000;3505900;0;0
04/22/2015;87;NA;18;ST_Banco Do Brazil;USD/BRL.FWD.FAR;CANCELED;3,5059;1000000;3505900;0;0
04/22/2015;87;NA;18;ST_Banco Do Brazil;USD/BRL.FWD.FAR;CANCELED;3,5059;1000000;3505900;0;0
04/22/2015;87;NA;18;ST_Banco Do Brazil;USD/BRL.FWD.FAR;CANCELED;3,5059;1000000;3505900;0;0
04/22/2015;87;NA;18;ST_Banco Do Brazil;USD/BRL.FWD.FAR;CANCELED;3,0663;1000000;3066300;0;0
04/22/2015;87;NA;18;ST_Banco Do Brazil;USD/BRL.FWD.FAR;CANCELED;3,0663;1000000;3066300;0;0
04/22/2015;87;NA;18;ST_Banco Do Brazil;USD/BRL.FWD.FAR;CANCELED;3,0663;1000000;3066300;0;0
04/22/2015;87;NA;18;ST_Banco Do Brazil;USD/BRL.FWD.FAR;FILLED;3,2277;1000000;3227700;1000000;3227700
04/22/2015;87;NA;18;ST_Banco Do Brazil;USD/BRL.FWD.FAR;FILLED;3,2277;1000000;3227700;1000000;3227700
04/22/2015;87;NA;18;ST_Banco Do Brazil;USD/BRL.FWD.FAR;CANCELED;3,2277;1000000;3227700;0;0
04/22/2015;87;NA;18;ST_Banco Do Brazil;USD/BRL.FWD.FAR;CANCELED;3,2277;1000000;3227700;0;0
04/22/2015;87;NA;18;ST_Banco Do Brazil;USD/BRL.FWD.FAR;FILLED;3,1054;1000000;3105400;1000000;3105400
04/22/2015;71;RBC;10;R5Admin;USD/BRL.FWD.FAR;PARTIALLY_FILLED;3,1054;60600000;188187240;2000000;6210800
04/22/2015;87;NA;18;ST_Banco Do Brazil;USD/BRL.FWD.FAR;FILLED;3,1054;1000000;3105400;1000000;3105400
04/22/2015;71;RBC;10;R5Admin;USD/BRL.FWD.FAR;PARTIALLY_FILLED;3,1054;60600000;188187240;3000000;9316200
04/22/2015;87;NA;18;ST_Banco Do Brazil;USD/BRL.FWD.FAR;FILLED;3,1054;1000000;3105400;1000000;3105400
04/22/2015;71;RBC;10;R5Admin;USD/BRL.FWD.FAR;PARTIALLY_FILLED;3,1054;60600000;188187240;4000000;12421600
04/22/2015;87;NA;18;ST_Banco Do Brazil;USD/BRL.FWD.FAR;FILLED;3,1054;1000000;3105400;1000000;3105400
04/22/2015;71;RBC;10;R5Admin;USD/BRL.FWD.FAR;PARTIALLY_FILLED;3,1054;60600000;188187240;5000000;15527000
04/22/2015;87;NA;18;ST_Banco Do Brazil;USD/BRL.FWD.FAR;FILLED;3,1054;1000000;3105400;1000000;3105400
04/22/2015;71;RBC;10;R5Admin;USD/BRL.FWD.FAR;PARTIALLY_FILLED;3,1054;60600000;188187240;6000000;18632400
04/22/2015;87;NA;18;ST_Banco Do Brazil;USD/BRL.FWD.FAR;FILLED;3,1054;1000000;3105400;1000000;3105400
04/22/2015;87;NA;18;ST_Banco Do Brazil;USD/BRL.FWD.FAR;FILLED;3,1054;1000000;3105400;1000000;3151600
04/22/2015;71;RBC;10;R5Admin;USD/BRL.FWD.FAR;PARTIALLY_FILLED;3,1516;74600000;235109360;2000000;6303200
04/22/2015;87;NA;18;ST_Banco Do Brazil;USD/BRL.FWD.FAR;FILLED;3,1516;1000000;3151600;1000000;3151600
04/22/2015;71;RBC;10;R5Admin;USD/BRL.FWD.FAR;PARTIALLY_FILLED;3,1516;74600000;235109360;3000000;9454800
04/22/2015;87;NA;18;ST_Banco Do Brazil;USD/BRL.FWD.FAR;FILLED;3,1516;1000000;3151600;1000000;3151600
04/22/2015;71;RBC;10;R5Admin;USD/BRL.FWD.FAR;PARTIALLY_FILLED;3,1516;74600000;235109360;4000000;12606400
04/22/2015;87;NA;18;ST_Banco Do Brazil;USD/BRL.FWD.FAR;FILLED;3,1516;1000000;3151600;1000000;3151600
04/22/2015;71;RBC;10;R5Admin;USD/BRL.FWD.FAR;PARTIALLY_FILLED;3,1516;74600000;235109360;5000000;15758000
04/22/2015;87;NA;18;ST_Banco Do Brazil;USD/BRL.FWD.FAR;FILLED;3,1516;1000000;3151600;1000000;3151600
04/22/2015;87;NA;18;ST_Banco Do Brazil;USD/BRL.FWD.FAR;FILLED;3,5093;1000000;3509300;1000000;3509300
04/22/2015;71;RBC;10;R5Admin;USD/BRL.FWD.FAR;PARTIALLY_FILLED;3,5093;49600000;174061280;2000000;7018600
04/22/2015;87;NA;18;ST_Banco Do Brazil;USD/BRL.FWD.FAR;FILLED;3,5093;1000000;3509300;1000000;3509300
04/22/2015;71;RBC;10;R5Admin;USD/BRL.FWD.FAR;PARTIALLY_FILLED;3,5093;49600000;174061280;3000000;10527900
04/22/2015;87;NA;18;ST_Banco Do Brazil;USD/BRL.FWD.FAR;FILLED;3,5093;1000000;3509300;1000000;3509300
04/22/2015;71;RBC;10;R5Admin;USD/BRL.FWD.FAR;PARTIALLY_FILLED;3,5093;49600000;174061280;4000000;14037200
04/22/2015;87;NA;18;ST_Banco Do Brazil;USD/BRL.FWD.FAR;FILLED;3,5093;1000000;3509300;1000000;3509300
04/22/2015;71;RBC;10;R5Admin;USD/BRL.FWD.FAR;PARTIALLY_FILLED;3,5093;49600000;174061280;5000000;17546500
04/22/2015;87;NA;18;ST_Banco Do Brazil;USD/BRL.FWD.FAR;FILLED;3,5093;1000000;3509300;1000000;3509300
04/22/2015;71;RBC;10;R5Admin;USD/BRL.FWD.FAR;PARTIALLY_FILLED;3,5093;49600000;174061280;6000000;21055800
04/22/2015;87;NA;18;ST_Banco Do Brazil;USD/BRL.FWD.FAR;FILLED;3,5093;1000000;3509300;1000000;3509300
04/22/2015;87;NA;18;ST_Banco Do Brazil;USD/BRL.FWD.FAR;FILLED;3,4107;1000000;3410700;1000000;3410700
04/22/2015;71;RBC;10;R5Admin;USD/BRL.FWD.FAR;PARTIALLY_FILLED;3,4107;72300000;246593610;2000000;6821400
04/22/2015;87;NA;18;ST_Banco Do Brazil;USD/BRL.FWD.FAR;FILLED;3,4107;1000000;3410700;1000000;3410700
04/22/2015;71;RBC;10;R5Admin;USD/BRL.FWD.FAR;PARTIALLY_FILLED;3,4107;72300000;246593610;3000000;10232100
04/22/2015;87;NA;18;ST_Banco Do Brazil;USD/BRL.FWD.FAR;FILLED;3,4107;1000000;3410700;1000000;3410700
04/22/2015;71;RBC;10;R5Admin;USD/BRL.FWD.FAR;PARTIALLY_FILLED;3,4107;72300000;246593610;4000000;13642800
04/22/2015;87;NA;18;ST_Banco Do Brazil;USD/BRL.FWD.FAR;FILLED;3,4107;1000000;3410700;1000000;3410700
04/22/2015;71;RBC;10;R5Admin;USD/BRL.FWD.FAR;PARTIALLY_FILLED;3,4107;72300000;246593610;5000000;17053500
04/22/2015;87;NA;18;ST_Banco Do Brazil;USD/BRL.FWD.FAR;FILLED;3,4107;1000000;3410700;1000000;3410700
04/22/2015;71;RBC;10;R5Admin;USD/BRL.FWD.FAR;PARTIALLY_FILLED;3,4107;72300000;246593610;6000000;20464200
04/22/2015;87;NA;18;ST_Banco Do Brazil;USD/BRL.FWD.FAR;FILLED;3,4107;1000000;3410700;1000000;3410700
04/22/2015;71;RBC;10;R5Admin;USD/BRL.FWD.FAR;PARTIALLY_FILLED;3,4107;72300000;246593610;7000000;23874900
04/22/2015;87;NA;18;ST_Banco Do Brazil;USD/BRL.FWD.FAR;FILLED;3,4107;1000000;3410700;1000000;3410700
04/22/2015;89;NA;20;ST_Bank Of India;USD/BRL.FWD.NEAR;FILLED;3,2007;1000000;3200700;1000000;3200700
04/22/2015;89;NA;20;ST_Bank Of India;USD/BRL.FWD.NEAR;FILLED;3,2484;1000000;3248400;1000000;3248400
04/22/2015;71;RBC;10;R5Admin;USD/BRL.FWD.NEAR;PARTIALLY_FILLED;3,2484;53200000;172814880;2000000;6496800
04/22/2015;89;NA;20;ST_Bank Of India;USD/BRL.FWD.NEAR;FILLED;3,2484;1000000;3248400;1000000;3248400
04/22/2015;71;RBC;10;R5Admin;USD/BRL.FWD.NEAR;PARTIALLY_FILLED;3,2484;53200000;172814880;3000000;9745200
04/22/2015;89;NA;20;ST_Bank Of India;USD/BRL.FWD.NEAR;FILLED;3,2484;1000000;3248400;1000000;3248400
04/22/2015;71;RBC;10;R5Admin;USD/BRL.FWD.NEAR;PARTIALLY_FILLED;3,2484;53200000;172814880;4000000;12993600
04/22/2015;89;NA;20;ST_Bank Of India;USD/BRL.FWD.NEAR;FILLED;3,2484;1000000;3248400;1000000;3248400
04/22/2015;89;NA;20;ST_Bank Of India;USD/BRL.FWD.NEAR;FILLED;2,8841;1000000;2884100;1000000;2884100
04/22/2015;71;RBC;10;R5Admin;USD/BRL.FWD.NEAR;PARTIALLY_FILLED;2,8841;49300000;142186130;2000000;5768200
04/22/2015;89;NA;20;ST_Bank Of India;USD/BRL.FWD.NEAR;FILLED;2,8841;1000000;2884100;1000000;2884100
04/22/2015;71;RBC;10;R5Admin;USD/BRL.FWD.NEAR;PARTIALLY_FILLED;2,8841;49300000;142186130;3000000;8652300
04/22/2015;89;NA;20;ST_Bank Of India;USD/BRL.FWD.NEAR;FILLED;2,8841;1000000;2884100;1000000;2884100
04/22/2015;71;RBC;10;R5Admin;USD/BRL.FWD.NEAR;PARTIALLY_FILLED;2,8841;49300000;142186130;4000000;11536400
04/22/2015;89;NA;20;ST_Bank Of India;USD/BRL.FWD.NEAR;FILLED;2,8841;1000000;2884100;1000000;2884100
04/22/2015;71;RBC;10;R5Admin;USD/BRL.FWD.NEAR;PARTIALLY_FILLED;2,8841;49300000;142186130;5000000;14420500
04/22/2015;89;NA;20;ST_Bank Of India;USD/BRL.FWD.NEAR;FILLED;2,8841;1000000;2884100;1000000;2884100
04/22/2015;89;NA;20;ST_Bank Of India;USD/BRL.FWD.NEAR;FILLED;2,8841;1000000;2884100;1000000;2884100
04/22/2015;71;RBC;10;R5Admin;USD/BRL.FWD.NEAR;PARTIALLY_FILLED;2,8841;49300000;142186130;2000000;5768200
04/22/2015;89;NA;20;ST_Bank Of India;USD/BRL.FWD.NEAR;FILLED;2,8841;1000000;2884100;1000000;2884100
04/22/2015;71;RBC;10;R5Admin;USD/BRL.FWD.NEAR;PARTIALLY_FILLED;2,8841;49300000;142186130;3000000;8652300
04/22/2015;89;NA;20;ST_Bank Of India;USD/BRL.FWD.NEAR;FILLED;2,8841;1000000;2884100;1000000;2884100
04/22/2015;71;RBC;10;R5Admin;USD/BRL.FWD.NEAR;PARTIALLY_FILLED;2,8841;49300000;142186130;4000000;11536400
04/22/2015;89;NA;20;ST_Bank Of India;USD/BRL.FWD.NEAR;FILLED;2,8841;1000000;2884100;1000000;2884100
04/22/2015;71;RBC;10;R5Admin;USD/BRL.FWD.NEAR;PARTIALLY_FILLED;2,8841;49300000;142186130;5000000;14420500
04/22/2015;89;NA;20;ST_Bank Of India;USD/BRL.FWD.NEAR;FILLED;2,8841;1000000;2884100;1000000;2884100
04/22/2015;71;RBC;10;R5Admin;USD/BRL.FWD.NEAR;PARTIALLY_FILLED;2,8841;49300000;142186130;6000000;17304600
04/22/2015;89;NA;20;ST_Bank Of India;USD/BRL.FWD.NEAR;FILLED;2,8841;1000000;2884100;1000000;2884100
04/22/2015;89;NA;20;ST_Bank Of India;USD/BRL.FWD.NEAR;FILLED;2,8841;1000000;2884100;1000000;2884100
04/22/2015;89;NA;20;ST_Bank Of India;USD/BRL.FWD.NEAR;FILLED;3,706;1000000;3706000;1000000;3706000
04/22/2015;89;NA;20;ST_Bank Of India;USD/BRL.FWD.NEAR;FILLED;3,491;1000000;3491000;1000000;3491000
04/22/2015;71;RBC;10;R5Admin;USD/BRL.FWD.NEAR;PARTIALLY_FILLED;3,491;49600000;173153600;2000000;6982000
04/22/2015;89;NA;20;ST_Bank Of India;USD/BRL.FWD.NEAR;FILLED;3,491;1000000;3491000;1000000;3491000
04/22/2015;71;RBC;10;R5Admin;USD/BRL.FWD.NEAR;PARTIALLY_FILLED;3,491;49600000;173153600;3000000;10473000
04/22/2015;89;NA;20;ST_Bank Of India;USD/BRL.FWD.NEAR;FILLED;3,491;1000000;3491000;1000000;3491000
04/22/2015;89;NA;20;ST_Bank Of India;USD/BRL.FWD.NEAR;FILLED;3,5766;1000000;3576600;1000000;3576600
04/22/2015;89;NA;20;ST_Bank Of India;USD/BRL.FWD.NEAR;FILLED;3,2973;1000000;3297300;1000000;3297300
04/22/2015;71;RBC;10;R5Admin;USD/BRL.FWD.NEAR;PARTIALLY_FILLED;3,2973;90100000;297086730;2000000;6594600
04/22/2015;89;NA;20;ST_Bank Of India;USD/BRL.FWD.NEAR;FILLED;3,2973;1000000;3297300;1000000;3297300
04/22/2015;71;RBC;10;R5Admin;USD/BRL.FWD.NEAR;PARTIALLY_FILLED;3,2973;90100000;297086730;3000000;9891900
04/22/2015;89;NA;20;ST_Bank Of India;USD/BRL.FWD.NEAR;FILLED;3,2973;1000000;3297300;1000000;3297300
04/22/2015;71;RBC;10;R5Admin;USD/BRL.FWD.NEAR;PARTIALLY_FILLED;3,2973;90100000;297086730;4000000;13189200
04/22/2015;89;NA;20;ST_Bank Of India;USD/BRL.FWD.NEAR;FILLED;3,2973;1000000;3297300;1000000;3297300
04/22/2015;71;RBC;10;R5Admin;USD/BRL.FWD.NEAR;PARTIALLY_FILLED;3,2973;90100000;297086730;5000000;16486500
04/22/2015;89;NA;20;ST_Bank Of India;USD/BRL.FWD.NEAR;FILLED;3,2973;1000000;3297300;1000000;3297300
04/22/2015;71;RBC;10;R5Admin;USD/BRL.FWD.NEAR;PARTIALLY_FILLED;3,2973;90100000;297086730;6000000;19783800
04/22/2015;89;NA;20;ST_Bank Of India;USD/BRL.FWD.NEAR;FILLED;3,2973;1000000;3297300;1000000;3297300
04/22/2015;89;NA;20;ST_Bank Of India;USD/BRL.FWD.NEAR;FILLED;3,3634;1000000;3363400;1000000;3363400
04/22/2015;71;RBC;10;R5Admin;USD/BRL.FWD.NEAR;PARTIALLY_FILLED;3,3634;87100000;292952140;2000000;6726800
04/22/2015;89;NA;20;ST_Bank Of India;USD/BRL.FWD.NEAR;FILLED;3,3634;1000000;3363400;1000000;3363400
04/22/2015;71;RBC;10;R5Admin;USD/BRL.FWD.NEAR;PARTIALLY_FILLED;3,3634;87100000;292952140;3000000;10090200
04/22/2015;89;NA;20;ST_Bank Of India;USD/BRL.FWD.NEAR;FILLED;3,3634;1000000;3363400;1000000;3363400
04/22/2015;71;RBC;10;R5Admin;USD/BRL.FWD.NEAR;PARTIALLY_FILLED;3,3634;87100000;292952140;4000000;13453600
04/22/2015;89;NA;20;ST_Bank Of India;USD/BRL.FWD.NEAR;FILLED;3,3634;1000000;3363400;1000000;3363400
04/22/2015;89;NA;20;ST_Bank Of India;USD/BRL.FWD.NEAR;FILLED;2,8841;1000000;2884100;1000000;2884100
04/22/2015;89;NA;20;ST_Bank Of India;USD/BRL.FWD.NEAR;FILLED;3,0641;1000000;3064100;1000000;3064100
04/22/2015;71;RBC;10;R5Admin;USD/BRL.FWD.NEAR;PARTIALLY_FILLED;3,0641;44400000;136046040;2000000;6128200
04/22/2015;89;NA;20;ST_Bank Of India;USD/BRL.FWD.NEAR;FILLED;3,0641;1000000;3064100;1000000;3064100
04/22/2015;71;RBC;10;R5Admin;USD/BRL.FWD.NEAR;PARTIALLY_FILLED;3,0641;44400000;136046040;3000000;9192300
04/22/2015;89;NA;20;ST_Bank Of India;USD/BRL.FWD.NEAR;FILLED;3,0641;1000000;3064100;1000000;3064100
04/22/2015;71;RBC;10;R5Admin;USD/BRL.FWD.NEAR;PARTIALLY_FILLED;3,0641;44400000;136046040;4000000;12256400
04/22/2015;89;NA;20;ST_Bank Of India;USD/BRL.FWD.NEAR;FILLED;3,0641;1000000;3064100;1000000;3064100
04/22/2015;71;RBC;10;R5Admin;USD/BRL.FWD.NEAR;PARTIALLY_FILLED;3,0641;44400000;136046040;5000000;15320500
04/22/2015;89;NA;20;ST_Bank Of India;USD/BRL.FWD.NEAR;FILLED;3,0641;1000000;3064100;1000000;3064100
04/22/2015;89;NA;20;ST_Bank Of India;USD/BRL.FWD.NEAR;FILLED;3,121;1000000;3121000;1000000;3121000
04/22/2015;71;RBC;10;R5Admin;USD/BRL.FWD.NEAR;PARTIALLY_FILLED;3,121;22500000;70222500;2000000;6242000
04/22/2015;89;NA;20;ST_Bank Of India;USD/BRL.FWD.NEAR;FILLED;3,121;1000000;3121000;1000000;3121000
04/22/2015;71;RBC;10;R5Admin;USD/BRL.FWD.NEAR;PARTIALLY_FILLED;3,121;22500000;70222500;3000000;9363000
04/22/2015;89;NA;20;ST_Bank Of India;USD/BRL.FWD.NEAR;FILLED;3,121;1000000;3121000;1000000;3121000
04/22/2015;90;NA;20;ST_Bank Of India;USD/BRL.FWD.NEAR;FILLED;3,1788;1000000;3178800;1000000;3178800
04/22/2015;90;NA;20;ST_Bank Of India;USD/BRL.FWD.NEAR;FILLED;3,5916;1000000;3591600;1000000;3591600
04/22/2015;90;NA;20;ST_Bank Of India;USD/BRL.FWD.NEAR;FILLED;3,1788;1000000;3178800;1000000;3178800
04/22/2015;71;RBC;10;R5Admin;USD/BRL.FWD.NEAR;PARTIALLY_FILLED;3,1788;79600000;253032480;2000000;6357600
04/22/2015;90;NA;20;ST_Bank Of India;USD/BRL.FWD.NEAR;FILLED;3,1788;1000000;3178800;1000000;3178800
04/22/2015;90;NA;20;ST_Bank Of India;USD/BRL.FWD.NEAR;FILLED;3,1788;1000000;3178800;1000000;3178800
04/22/2015;71;RBC;10;R5Admin;USD/BRL.FWD.NEAR;PARTIALLY_FILLED;3,1788;79600000;253032480;2000000;6357600
04/22/2015;90;NA;20;ST_Bank Of India;USD/BRL.FWD.NEAR;FILLED;3,1788;1000000;3178800;1000000;3178800
04/22/2015;71;RBC;10;R5Admin;USD/BRL.FWD.NEAR;PARTIALLY_FILLED;3,1788;79600000;253032480;3000000;9536400
04/22/2015;90;NA;20;ST_Bank Of India;USD/BRL.FWD.NEAR;FILLED;3,1788;1000000;3178800;1000000;3178800
04/22/2015;71;RBC;10;R5Admin;USD/BRL.FWD.NEAR;PARTIALLY_FILLED;3,1788;79600000;253032480;4000000;12715200
04/22/2015;90;NA;20;ST_Bank Of India;USD/BRL.FWD.NEAR;FILLED;3,1788;1000000;3178800;1000000;3178800
04/22/2015;71;RBC;10;R5Admin;USD/BRL.FWD.NEAR;PARTIALLY_FILLED;3,1788;79600000;253032480;5000000;15894000
04/22/2015;90;NA;20;ST_Bank Of India;USD/BRL.FWD.NEAR;FILLED;3,1788;1000000;3178800;1000000;3178800
04/22/2015;71;RBC;10;R5Admin;USD/BRL.FWD.NEAR;PARTIALLY_FILLED;3,1788;79600000;253032480;6000000;19072800
04/22/2015;90;NA;20;ST_Bank Of India;USD/BRL.FWD.NEAR;FILLED;3,1788;1000000;3178800;1000000;3178800
04/22/2015;90;NA;20;ST_Bank Of India;USD/BRL.FWD.NEAR;FILLED;3,1788;1000000;3178800;1000000;3178800
04/22/2015;71;RBC;10;R5Admin;USD/BRL.FWD.NEAR;PARTIALLY_FILLED;3,1788;79600000;253032480;2000000;6357600
04/22/2015;90;NA;20;ST_Bank Of India;USD/BRL.FWD.NEAR;FILLED;3,1788;1000000;3178800;1000000;3178800
04/22/2015;71;RBC;10;R5Admin;USD/BRL.FWD.NEAR;PARTIALLY_FILLED;3,1788;79600000;253032480;3000000;9536400
04/22/2015;90;NA;20;ST_Bank Of India;USD/BRL.FWD.NEAR;FILLED;3,1788;1000000;3178800;1000000;3178800
04/22/2015;71;RBC;10;R5Admin;USD/BRL.FWD.NEAR;PARTIALLY_FILLED;3,1788;79600000;253032480;4000000;12715200
04/22/2015;90;NA;20;ST_Bank Of India;USD/BRL.FWD.NEAR;FILLED;3,1788;1000000;3178800;1000000;3178800
04/22/2015;71;RBC;10;R5Admin;USD/BRL.FWD.NEAR;PARTIALLY_FILLED;3,1788;79600000;253032480;5000000;15894000
04/22/2015;90;NA;20;ST_Bank Of India;USD/BRL.FWD.NEAR;FILLED;3,1788;1000000;3178800;1000000;3178800
04/22/2015;90;NA;20;ST_Bank Of India;USD/BRL.FWD.NEAR;FILLED;3,1788;1000000;3178800;1000000;3178800
04/22/2015;90;NA;20;ST_Bank Of India;USD/BRL.FWD.NEAR;FILLED;3,3093;1000000;3309300;1000000;3309300
04/22/2015;71;RBC;10;R5Admin;USD/BRL.FWD.NEAR;PARTIALLY_FILLED;3,3093;70900000;234629370;2000000;6618600
04/22/2015;90;NA;20;ST_Bank Of India;USD/BRL.FWD.NEAR;FILLED;3,3093;1000000;3309300;1000000;3309300
04/22/2015;71;RBC;10;R5Admin;USD/BRL.FWD.NEAR;PARTIALLY_FILLED;3,3093;70900000;234629370;3000000;9927900
04/22/2015;90;NA;20;ST_Bank Of India;USD/BRL.FWD.NEAR;FILLED;3,3093;1000000;3309300;1000000;3309300
04/22/2015;71;RBC;10;R5Admin;USD/BRL.FWD.NEAR;PARTIALLY_FILLED;3,3093;70900000;234629370;4000000;13237200
04/22/2015;90;NA;20;ST_Bank Of India;USD/BRL.FWD.NEAR;FILLED;3,3093;1000000;3309300;1000000;3309300
04/22/2015;71;RBC;10;R5Admin;USD/BRL.FWD.NEAR;PARTIALLY_FILLED;3,3093;70900000;234629370;5000000;16546500
04/22/2015;90;NA;20;ST_Bank Of India;USD/BRL.FWD.NEAR;FILLED;3,3093;1000000;3309300;1000000;3309300
04/22/2015;90;NA;20;ST_Bank Of India;USD/BRL.FWD.NEAR;CANCELED;3,3093;1000000;3309300;0;0
04/22/2015;90;NA;20;ST_Bank Of India;USD/BRL.FWD.NEAR;FILLED;3,4883;1000000;3488300;1000000;3488300
04/22/2015;71;RBC;10;R5Admin;USD/BRL.FWD.NEAR;PARTIALLY_FILLED;3,4883;56000000;195344800;2000000;6976600
04/22/2015;90;NA;20;ST_Bank Of India;USD/BRL.FWD.NEAR;FILLED;3,4883;1000000;3488300;1000000;3488300
04/22/2015;71;RBC;10;R5Admin;USD/BRL.FWD.NEAR;PARTIALLY_FILLED;3,4883;56000000;195344800;3000000;10464900
04/22/2015;90;NA;20;ST_Bank Of India;USD/BRL.FWD.NEAR;FILLED;3,4883;1000000;3488300;1000000;3488300
04/22/2015;90;NA;20;ST_Bank Of India;USD/BRL.FWD.NEAR;FILLED;3,4883;1000000;3488300;1000000;3488300
04/22/2015;71;RBC;10;R5Admin;USD/BRL.FWD.NEAR;PARTIALLY_FILLED;3,4883;56000000;195344800;2000000;6976600
04/22/2015;90;NA;20;ST_Bank Of India;USD/BRL.FWD.NEAR;FILLED;3,4883;1000000;3488300;1000000;3488300
04/22/2015;71;RBC;10;R5Admin;USD/BRL.FWD.NEAR;PARTIALLY_FILLED;3,4883;56000000;195344800;3000000;10464900
04/22/2015;90;NA;20;ST_Bank Of India;USD/BRL.FWD.NEAR;FILLED;3,4883;1000000;3488300;1000000;3488300
04/22/2015;71;RBC;10;R5Admin;USD/BRL.FWD.NEAR;PARTIALLY_FILLED;3,4883;56000000;195344800;4000000;13953200
04/22/2015;90;NA;20;ST_Bank Of India;USD/BRL.FWD.NEAR;FILLED;3,4883;1000000;3488300;1000000;3488300
04/22/2015;71;RBC;10;R5Admin;USD/BRL.FWD.NEAR;PARTIALLY_FILLED;3,4883;56000000;195344800;5000000;17441500
04/22/2015;90;NA;20;ST_Bank Of India;USD/BRL.FWD.NEAR;FILLED;3,4883;1000000;3488300;1000000;3488300
04/22/2015;90;NA;20;ST_Bank Of India;USD/BRL.FWD.NEAR;FILLED;3,4883;1000000;3488300;1000000;3488300
04/22/2015;71;RBC;10;R5Admin;USD/BRL.FWD.NEAR;PARTIALLY_FILLED;3,4883;56000000;195344800;2000000;6976600
04/22/2015;90;NA;20;ST_Bank Of India;USD/BRL.FWD.NEAR;FILLED;3,4883;1000000;3488300;1000000;3488300
04/22/2015;71;RBC;10;R5Admin;USD/BRL.FWD.NEAR;PARTIALLY_FILLED;3,4883;56000000;195344800;3000000;10464900
04/22/2015;90;NA;20;ST_Bank Of India;USD/BRL.FWD.NEAR;FILLED;3,4883;1000000;3488300;1000000;3488300
04/22/2015;90;NA;20;ST_Bank Of India;USD/BRL.FWD.NEAR;FILLED;3,1331;1000000;3133100;1000000;3133100
04/22/2015;71;RBC;10;R5Admin;USD/BRL.FWD.NEAR;PARTIALLY_FILLED;3,1331;95300000;298584430;2000000;6266200
04/22/2015;90;NA;20;ST_Bank Of India;USD/BRL.FWD.NEAR;FILLED;3,1331;1000000;3133100;1000000;3133100
04/22/2015;90;NA;20;ST_Bank Of India;USD/BRL.FWD.NEAR;FILLED;3,1331;1000000;3133100;1000000;3133100
04/22/2015;71;RBC;10;R5Admin;USD/BRL.FWD.NEAR;PARTIALLY_FILLED;3,1331;95300000;298584430;2000000;6266200
04/22/2015;90;NA;20;ST_Bank Of India;USD/BRL.FWD.NEAR;FILLED;3,1331;1000000;3133100;1000000;3133100
04/22/2015;71;RBC;10;R5Admin;USD/BRL.FWD.NEAR;PARTIALLY_FILLED;3,1331;95300000;298584430;3000000;9399300
04/22/2015;90;NA;20;ST_Bank Of India;USD/BRL.FWD.NEAR;FILLED;3,1331;1000000;3133100;1000000;3133100
04/22/2015;90;NA;20;ST_Bank Of India;USD/BRL.FWD.NEAR;FILLED;3,1331;1000000;3133100;1000000;3133100
04/22/2015;71;RBC;10;R5Admin;USD/BRL.FWD.NEAR;PARTIALLY_FILLED;3,1331;95300000;298584430;2000000;6266200
04/22/2015;90;NA;20;ST_Bank Of India;USD/BRL.FWD.NEAR;FILLED;3,1331;1000000;3133100;1000000;3133100
04/22/2015;71;RBC;10;R5Admin;USD/BRL.FWD.NEAR;PARTIALLY_FILLED;3,1331;95300000;298584430;3000000;9399300
04/22/2015;90;NA;20;ST_Bank Of India;USD/BRL.FWD.NEAR;FILLED;3,1331;1000000;3133100;1000000;3133100
04/22/2015;71;RBC;10;R5Admin;USD/BRL.FWD.NEAR;PARTIALLY_FILLED;3,1331;95300000;298584430;4000000;12532400
04/22/2015;90;NA;20;ST_Bank Of India;USD/BRL.FWD.NEAR;FILLED;3,1331;1000000;3133100;1000000;3133100
04/22/2015;71;RBC;10;R5Admin;USD/BRL.FWD.NEAR;PARTIALLY_FILLED;3,1331;95300000;298584430;5000000;15665500
04/22/2015;90;NA;20;ST_Bank Of India;USD/BRL.FWD.NEAR;FILLED;3,1331;1000000;3133100;1000000;3133100
04/22/2015;90;NA;20;ST_Bank Of India;USD/BRL.FWD.NEAR;FILLED;3,0583;1000000;3058300;1000000;3058300
04/22/2015;71;RBC;10;R5Admin;USD/BRL.FWD.NEAR;PARTIALLY_FILLED;3,0583;45000000;137623500;2000000;6116600
04/22/2015;90;NA;20;ST_Bank Of India;USD/BRL.FWD.NEAR;FILLED;3,0583;1000000;3058300;1000000;3058300
04/22/2015;71;RBC;10;R5Admin;USD/BRL.FWD.NEAR;PARTIALLY_FILLED;3,0583;45000000;137623500;3000000;9174900
04/22/2015;90;NA;20;ST_Bank Of India;USD/BRL.FWD.NEAR;FILLED;3,0583;1000000;3058300;1000000;3058300
04/22/2015;71;RBC;10;R5Admin;USD/BRL.FWD.NEAR;PARTIALLY_FILLED;3,0583;45000000;137623500;4000000;12233200
04/22/2015;90;NA;20;ST_Bank Of India;USD/BRL.FWD.NEAR;FILLED;3,0583;1000000;3058300;1000000;3058300
04/22/2015;71;RBC;10;R5Admin;USD/BRL.FWD.NEAR;PARTIALLY_FILLED;3,0583;45000000;137623500;5000000;15291500
04/22/2015;90;NA;20;ST_Bank Of India;USD/BRL.FWD.NEAR;FILLED;3,0583;1000000;3058300;1000000;3058300
04/22/2015;90;NA;20;ST_Bank Of India;USD/BRL.FWD.NEAR;FILLED;3,0583;1000000;3058300;1000000;3058300
04/22/2015;71;RBC;10;R5Admin;USD/BRL.FWD.NEAR;PARTIALLY_FILLED;3,0583;45000000;137623500;2000000;6116600
04/22/2015;90;NA;20;ST_Bank Of India;USD/BRL.FWD.NEAR;FILLED;3,0583;1000000;3058300;1000000;3058300
04/22/2015;90;NA;20;ST_Bank Of India;USD/BRL.FWD.NEAR;FILLED;3,0583;1000000;3058300;1000000;3058300
04/22/2015;90;NA;20;ST_Bank Of India;USD/BRL.FWD.NEAR;FILLED;3,4648;1000000;3464800;1000000;3464800
04/22/2015;90;NA;20;ST_Bank Of India;USD/BRL.FWD.NEAR;FILLED;3,3596;1000000;3359600;1000000;3359600
04/22/2015;90;NA;20;ST_Bank Of India;USD/BRL.FWD.NEAR;CANCELED;3,3596;1000000;3359600;0;0
04/22/2015;90;NA;20;ST_Bank Of India;USD/BRL.FWD.NEAR;FILLED;3,4496;1000000;3449600;1000000;3449600
04/22/2015;89;NA;20;ST_Bank Of India;USD/BRL.FWD.FAR;FILLED;3,0499;1000000;3049900;1000000;3049900
04/22/2015;89;NA;20;ST_Bank Of India;USD/BRL.FWD.FAR;FILLED;3,2265;1000000;3226500;1000000;3226500
04/22/2015;89;NA;20;ST_Bank Of India;USD/BRL.FWD.FAR;FILLED;3,4654;1000000;3465400;1000000;3465400
04/22/2015;89;NA;20;ST_Bank Of India;USD/BRL.FWD.FAR;FILLED;2,9968;1000000;2996800;1000000;2996800
04/22/2015;89;NA;20;ST_Bank Of India;USD/BRL.FWD.FAR;FILLED;3,2679;1000000;3267900;1000000;3267900
04/22/2015;89;NA;20;ST_Bank Of India;USD/BRL.FWD.FAR;FILLED;2,9968;1000000;2996800;1000000;2996800
04/22/2015;89;NA;20;ST_Bank Of India;USD/BRL.FWD.FAR;CANCELED;3,2679;1000000;3267900;0;0
04/22/2015;89;NA;20;ST_Bank Of India;USD/BRL.FWD.FAR;FILLED;2,9968;1000000;2996800;1000000;2996800
04/22/2015;89;NA;20;ST_Bank Of India;USD/BRL.FWD.FAR;FILLED;3,4186;1000000;3418600;1000000;3418600
04/22/2015;89;NA;20;ST_Bank Of India;USD/BRL.FWD.FAR;FILLED;2,9968;1000000;2996800;1000000;2996800
04/22/2015;89;NA;20;ST_Bank Of India;USD/BRL.FWD.FAR;FILLED;3,2708;1000000;3270800;1000000;3270800
04/22/2015;89;NA;20;ST_Bank Of India;USD/BRL.FWD.FAR;FILLED;2,9968;1000000;2996800;1000000;2996800
04/22/2015;89;NA;20;ST_Bank Of India;USD/BRL.FWD.FAR;FILLED;3,1715;1000000;3171500;1000000;3171500
04/22/2015;89;NA;20;ST_Bank Of India;USD/BRL.FWD.FAR;FILLED;3,3734;1000000;3373400;1000000;3373400
04/22/2015;89;NA;20;ST_Bank Of India;USD/BRL.FWD.FAR;FILLED;3,1976;1000000;3197600;1000000;3197600
04/22/2015;89;NA;20;ST_Bank Of India;USD/BRL.FWD.FAR;FILLED;3,6719;1000000;3671900;1000000;3671900
04/22/2015;89;NA;20;ST_Bank Of India;USD/BRL.FWD.FAR;FILLED;3,2144;1000000;3214400;1000000;3214400
04/22/2015;89;NA;20;ST_Bank Of India;USD/BRL.FWD.FAR;FILLED;3,3981;1000000;3398100;1000000;3398100
04/22/2015;89;NA;20;ST_Bank Of India;USD/BRL.FWD.FAR;FILLED;3,2144;1000000;3214400;1000000;3214400
04/22/2015;89;NA;20;ST_Bank Of India;USD/BRL.FWD.FAR;FILLED;3,3115;1000000;3311500;1000000;3311500
04/22/2015;89;NA;20;ST_Bank Of India;USD/BRL.FWD.FAR;FILLED;3,2144;1000000;3214400;1000000;3214400
04/22/2015;89;NA;20;ST_Bank Of India;USD/BRL.FWD.FAR;FILLED;3,3643;1000000;3364300;1000000;3364300
04/22/2015;89;NA;20;ST_Bank Of India;USD/BRL.FWD.FAR;FILLED;3,2144;1000000;3214400;1000000;3214400
04/22/2015;87;NA;18;ST_Banco Do Brazil;USD/BRL.FWD.FAR;NEW;2,9108;1000000;2910800;0;0
04/22/2015;87;NA;18;ST_Banco Do Brazil;USD/BRL.FWD.FAR;NEW;2,9108;1000000;2910800;0;0
04/22/2015;87;NA;18;ST_Banco Do Brazil;USD/BRL.FWD.FAR;NEW;2,9108;1000000;2910800;0;0
04/22/2015;87;NA;18;ST_Banco Do Brazil;USD/BRL.FWD.FAR;NEW;2,9108;1000000;2910800;0;0
04/22/2015;87;NA;18;ST_Banco Do Brazil;USD/BRL.FWD.FAR;NEW;2,9108;1000000;2910800;0;0
04/22/2015;87;NA;18;ST_Banco Do Brazil;USD/BRL.FWD.FAR;NEW;2,9108;1000000;2910800;0;0
04/22/2015;87;NA;18;ST_Banco Do Brazil;USD/BRL.FWD.FAR;NEW;2,9108;1000000;2910800;0;0
04/22/2015;87;NA;18;ST_Banco Do Brazil;USD/BRL.FWD.FAR;NEW;2,9108;1000000;2910800;0;0
04/22/2015;87;NA;18;ST_Banco Do Brazil;USD/BRL.FWD.FAR;NEW;2,9108;1000000;2910800;0;0
04/22/2015;87;NA;18;ST_Banco Do Brazil;USD/BRL.FWD.FAR;NEW;2,9108;1000000;2910800;0;0
04/22/2015;87;NA;18;ST_Banco Do Brazil;USD/BRL.FWD.FAR;NEW;2,9108;1000000;2910800;0;0
04/22/2015;87;NA;18;ST_Banco Do Brazil;USD/BRL.FWD.FAR;NEW;2,9108;1000000;2910800;0;0
04/22/2015;87;NA;18;ST_Banco Do Brazil;USD/BRL.FWD.FAR;NEW;2,9108;1000000;2910800;0;0
04/22/2015;87;NA;18;ST_Banco Do Brazil;USD/BRL.FWD.FAR;NEW;2,9108;1000000;2910800;0;0
04/22/2015;87;NA;18;ST_Banco Do Brazil;USD/BRL.FWD.FAR;NEW;2,9108;1000000;2910800;0;0
04/22/2015;87;NA;18;ST_Banco Do Brazil;USD/BRL.FWD.FAR;NEW;2,9108;1000000;2910800;0;0
04/22/2015;87;NA;18;ST_Banco Do Brazil;USD/BRL.FWD.FAR;NEW;2,9108;1000000;2910800;0;0
04/22/2015;87;NA;18;ST_Banco Do Brazil;USD/BRL.FWD.FAR;NEW;2,9108;1000000;2910800;0;0
04/22/2015;87;NA;18;ST_Banco Do Brazil;USD/BRL.FWD.FAR;NEW;2,9108;1000000;2910800;0;0
04/22/2015;87;NA;18;ST_Banco Do Brazil;USD/BRL.FWD.FAR;NEW;2,9108;1000000;2910800;0;0
04/22/2015;87;NA;18;ST_Banco Do Brazil;USD/BRL.FWD.FAR;NEW;2,9108;1000000;2910800;0;0
04/22/2015;87;NA;18;ST_Banco Do Brazil;USD/BRL.FWD.FAR;NEW;2,9108;1000000;2910800;0;0
04/22/2015;87;NA;18;ST_Banco Do Brazil;USD/BRL.FWD.FAR;NEW;2,9108;1000000;2910800;0;0
04/22/2015;87;NA;18;ST_Banco Do Brazil;USD/BRL.FWD.FAR;NEW;2,9108;1000000;2910800;0;0
04/22/2015;87;NA;18;ST_Banco Do Brazil;USD/BRL.FWD.FAR;NEW;2,9108;1000000;2910800;0;0
04/22/2015;87;NA;18;ST_Banco Do Brazil;USD/BRL.FWD.FAR;NEW;2,9108;1000000;2910800;0;0
04/22/2015;87;NA;18;ST_Banco Do Brazil;USD/BRL.FWD.FAR;NEW;2,9108;1000000;2910800;0;0
04/22/2015;87;NA;18;ST_Banco Do Brazil;USD/BRL.FWD.FAR;NEW;2,9108;1000000;2910800;0;0
04/22/2015;87;NA;18;ST_Banco Do Brazil;USD/BRL.FWD.FAR;NEW;2,9108;1000000;2910800;0;0
04/22/2015;87;NA;18;ST_Banco Do Brazil;USD/BRL.FWD.FAR;NEW;2,9108;1000000;2910800;0;0
04/22/2015;87;NA;18;ST_Banco Do Brazil;USD/BRL.FWD.FAR;NEW;2,9108;1000000;2910800;0;0
04/22/2015;87;NA;18;ST_Banco Do Brazil;USD/BRL.FWD.FAR;NEW;2,9108;1000000;2910800;0;0
04/22/2015;87;NA;18;ST_Banco Do Brazil;USD/BRL.FWD.FAR;NEW;2,9108;1000000;2910800;0;0
04/22/2015;87;NA;18;ST_Banco Do Brazil;USD/BRL.FWD.FAR;NEW;2,9108;1000000;2910800;0;0
04/22/2015;87;NA;18;ST_Banco Do Brazil;USD/BRL.FWD.FAR;NEW;2,9108;1000000;2910800;0;0
04/22/2015;87;NA;18;ST_Banco Do Brazil;USD/BRL.FWD.FAR;NEW;2,9108;1000000;2910800;0;0
04/22/2015;87;NA;18;ST_Banco Do Brazil;USD/BRL.FWD.FAR;NEW;2,9108;1000000;2910800;0;0
04/22/2015;87;NA;18;ST_Banco Do Brazil;USD/BRL.FWD.FAR;NEW;3,5203;1000000;3520300;0;0
04/22/2015;87;NA;18;ST_Banco Do Brazil;USD/BRL.FWD.FAR;NEW;3,5203;1000000;3520300;0;0
04/22/2015;87;NA;18;ST_Banco Do Brazil;USD/BRL.FWD.FAR;NEW;3,5203;1000000;3520300;0;0
04/22/2015;87;NA;18;ST_Banco Do Brazil;USD/BRL.FWD.FAR;NEW;3,5203;1000000;3520300;0;0
04/22/2015;87;NA;18;ST_Banco Do Brazil;USD/BRL.FWD.FAR;NEW;3,5203;1000000;3520300;0;0
04/22/2015;87;NA;18;ST_Banco Do Brazil;USD/BRL.FWD.FAR;NEW;3,5203;1000000;3520300;0;0
04/22/2015;87;NA;18;ST_Banco Do Brazil;USD/BRL.FWD.FAR;NEW;3,5203;1000000;3520300;0;0
04/22/2015;87;NA;18;ST_Banco Do Brazil;USD/BRL.FWD.FAR;NEW;3,5203;1000000;3520300;0;0
04/22/2015;87;NA;18;ST_Banco Do Brazil;USD/BRL.FWD.FAR;NEW;3,5203;1000000;3520300;0;0
04/22/2015;87;NA;18;ST_Banco Do Brazil;USD/BRL.FWD.FAR;NEW;3,5203;1000000;3520300;0;0
04/22/2015;87;NA;18;ST_Banco Do Brazil;USD/BRL.FWD.FAR;NEW;3,5203;1000000;3520300;0;0
04/22/2015;87;NA;18;ST_Banco Do Brazil;USD/BRL.FWD.FAR;NEW;3,5203;1000000;3520300;0;0
04/22/2015;87;NA;18;ST_Banco Do Brazil;USD/BRL.FWD.FAR;NEW;3,5203;1000000;3520300;0;0
04/22/2015;87;NA;18;ST_Banco Do Brazil;USD/BRL.FWD.FAR;NEW;3,5203;1000000;3520300;0;0
04/22/2015;87;NA;18;ST_Banco Do Brazil;USD/BRL.FWD.FAR;NEW;3,5203;1000000;3520300;0;0
04/22/2015;87;NA;18;ST_Banco Do Brazil;USD/BRL.FWD.FAR;NEW;3,5203;1000000;3520300;0;0
04/22/2015;87;NA;18;ST_Banco Do Brazil;USD/BRL.FWD.FAR;NEW;3,5203;1000000;3520300;0;0
04/22/2015;87;NA;18;ST_Banco Do Brazil;USD/BRL.FWD.FAR;NEW;3,5203;1000000;3520300;0;0
04/22/2015;87;NA;18;ST_Banco Do Brazil;USD/BRL.FWD.FAR;NEW;3,5203;1000000;3520300;0;0
04/22/2015;87;NA;18;ST_Banco Do Brazil;USD/BRL.FWD.FAR;NEW;3,5203;1000000;3520300;0;0
04/22/2015;87;NA;18;ST_Banco Do Brazil;USD/BRL.FWD.FAR;NEW;3,5203;1000000;3520300;0;0
04/22/2015;87;NA;18;ST_Banco Do Brazil;USD/BRL.FWD.FAR;NEW;3,5203;1000000;3520300;0;0
04/22/2015;87;NA;18;ST_Banco Do Brazil;USD/BRL.FWD.FAR;CANCELED;2,9108;1000000;2910800;0;0
04/22/2015;87;NA;18;ST_Banco Do Brazil;USD/BRL.FWD.FAR;CANCELED;2,9108;1000000;2910800;0;0
04/22/2015;87;NA;18;ST_Banco Do Brazil;USD/BRL.FWD.FAR;CANCELED;2,9108;1000000;2910800;0;0
04/22/2015;87;NA;18;ST_Banco Do Brazil;USD/BRL.FWD.FAR;CANCELED;2,9108;1000000;2910800;0;0
04/22/2015;87;NA;18;ST_Banco Do Brazil;USD/BRL.FWD.FAR;CANCELED;2,9108;1000000;2910800;0;0
04/22/2015;87;NA;18;ST_Banco Do Brazil;USD/BRL.FWD.FAR;CANCELED;2,9108;1000000;2910800;0;0
04/22/2015;87;NA;18;ST_Banco Do Brazil;USD/BRL.FWD.FAR;CANCELED;2,9108;1000000;2910800;0;0
04/22/2015;87;NA;18;ST_Banco Do Brazil;USD/BRL.FWD.FAR;CANCELED;2,9108;1000000;2910800;0;0
04/22/2015;87;NA;18;ST_Banco Do Brazil;USD/BRL.FWD.FAR;CANCELED;2,9108;1000000;2910800;0;0
04/22/2015;87;NA;18;ST_Banco Do Brazil;USD/BRL.FWD.FAR;CANCELED;2,9108;1000000;2910800;0;0
04/22/2015;87;NA;18;ST_Banco Do Brazil;USD/BRL.FWD.FAR;CANCELED;2,9108;1000000;2910800;0;0
04/22/2015;87;NA;18;ST_Banco Do Brazil;USD/BRL.FWD.FAR;CANCELED;2,9108;1000000;2910800;0;0
04/22/2015;87;NA;18;ST_Banco Do Brazil;USD/BRL.FWD.FAR;CANCELED;2,9108;1000000;2910800;0;0
04/22/2015;87;NA;18;ST_Banco Do Brazil;USD/BRL.FWD.FAR;CANCELED;2,9108;1000000;2910800;0;0
04/22/2015;87;NA;18;ST_Banco Do Brazil;USD/BRL.FWD.FAR;CANCELED;2,9108;1000000;2910800;0;0
04/22/2015;87;NA;18;ST_Banco Do Brazil;USD/BRL.FWD.FAR;CANCELED;2,9108;1000000;2910800;0;0
04/22/2015;87;NA;18;ST_Banco Do Brazil;USD/BRL.FWD.FAR;CANCELED;2,9108;1000000;2910800;0;0
04/22/2015;87;NA;18;ST_Banco Do Brazil;USD/BRL.FWD.FAR;CANCELED;2,9108;1000000;2910800;0;0
04/22/2015;87;NA;18;ST_Banco Do Brazil;USD/BRL.FWD.FAR;CANCELED;2,9108;1000000;2910800;0;0
04/22/2015;87;NA;18;ST_Banco Do Brazil;USD/BRL.FWD.FAR;CANCELED;2,9108;1000000;2910800;0;0
04/22/2015;87;NA;18;ST_Banco Do Brazil;USD/BRL.FWD.FAR;CANCELED;3,5203;1000000;3520300;0;0
04/22/2015;87;NA;18;ST_Banco Do Brazil;USD/BRL.FWD.FAR;CANCELED;3,5203;1000000;3520300;0;0
04/22/2015;87;NA;18;ST_Banco Do Brazil;USD/BRL.FWD.FAR;CANCELED;3,5203;1000000;3520300;0;0
04/22/2015;87;NA;18;ST_Banco Do Brazil;USD/BRL.FWD.FAR;CANCELED;3,5203;1000000;3520300;0;0
04/22/2015;87;NA;18;ST_Banco Do Brazil;USD/BRL.FWD.FAR;CANCELED;3,5203;1000000;3520300;0;0
04/22/2015;87;NA;18;ST_Banco Do Brazil;USD/BRL.FWD.FAR;CANCELED;3,5203;1000000;3520300;0;0
04/22/2015;87;NA;18;ST_Banco Do Brazil;USD/BRL.FWD.FAR;CANCELED;3,5203;1000000;3520300;0;0
04/22/2015;87;NA;18;ST_Banco Do Brazil;USD/BRL.FWD.FAR;CANCELED;3,5203;1000000;3520300;0;0
04/22/2015;87;NA;18;ST_Banco Do Brazil;USD/BRL.FWD.FAR;CANCELED;3,5203;1000000;3520300;0;0
04/22/2015;87;NA;18;ST_Banco Do Brazil;USD/BRL.FWD.FAR;CANCELED;2,9108;1000000;2910800;0;0
04/22/2015;87;NA;18;ST_Banco Do Brazil;USD/BRL.FWD.FAR;CANCELED;2,9108;1000000;2910800;0;0
04/22/2015;87;NA;18;ST_Banco Do Brazil;USD/BRL.FWD.FAR;CANCELED;2,9108;1000000;2910800;0;0
04/22/2015;87;NA;18;ST_Banco Do Brazil;USD/BRL.FWD.FAR;CANCELED;2,9108;1000000;2910800;0;0
04/22/2015;87;NA;18;ST_Banco Do Brazil;USD/BRL.FWD.FAR;CANCELED;2,9108;1000000;2910800;0;0
04/22/2015;87;NA;18;ST_Banco Do Brazil;USD/BRL.FWD.FAR;CANCELED;2,9108;1000000;2910800;0;0
04/22/2015;87;NA;18;ST_Banco Do Brazil;USD/BRL.FWD.FAR;CANCELED;2,9108;1000000;2910800;0;0
04/22/2015;87;NA;18;ST_Banco Do Brazil;USD/BRL.FWD.FAR;CANCELED;2,9108;1000000;2910800;0;0
04/22/2015;87;NA;18;ST_Banco Do Brazil;USD/BRL.FWD.FAR;CANCELED;2,9108;1000000;2910800;0;0
04/22/2015;87;NA;18;ST_Banco Do Brazil;USD/BRL.FWD.FAR;CANCELED;3,5203;1000000;3520300;0;0
04/22/2015;87;NA;18;ST_Banco Do Brazil;USD/BRL.FWD.FAR;CANCELED;3,5203;1000000;3520300;0;0
04/22/2015;87;NA;18;ST_Banco Do Brazil;USD/BRL.FWD.FAR;CANCELED;3,5203;1000000;3520300;0;0
04/22/2015;87;NA;18;ST_Banco Do Brazil;USD/BRL.FWD.FAR;CANCELED;3,5203;1000000;3520300;0;0
04/22/2015;87;NA;18;ST_Banco Do Brazil;USD/BRL.FWD.FAR;CANCELED;2,9108;1000000;2910800;0;0
04/22/2015;87;NA;18;ST_Banco Do Brazil;USD/BRL.FWD.FAR;CANCELED;3,5203;1000000;3520300;0;0
04/22/2015;87;NA;18;ST_Banco Do Brazil;USD/BRL.FWD.FAR;CANCELED;3,5203;1000000;3520300;0;0
04/22/2015;87;NA;18;ST_Banco Do Brazil;USD/BRL.FWD.FAR;CANCELED;3,5203;1000000;3520300;0;0
04/22/2015;87;NA;18;ST_Banco Do Brazil;USD/BRL.FWD.FAR;CANCELED;3,5203;1000000;3520300;0;0
04/22/2015;87;NA;18;ST_Banco Do Brazil;USD/BRL.FWD.FAR;CANCELED;3,5203;1000000;3520300;0;0
04/22/2015;87;NA;18;ST_Banco Do Brazil;USD/BRL.FWD.FAR;CANCELED;3,5203;1000000;3520300;0;0
04/22/2015;87;NA;18;ST_Banco Do Brazil;USD/BRL.FWD.FAR;CANCELED;3,5203;1000000;3520300;0;0
04/22/2015;87;NA;18;ST_Banco Do Brazil;USD/BRL.FWD.FAR;CANCELED;3,5203;1000000;3520300;0;0
04/22/2015;87;NA;18;ST_Banco Do Brazil;USD/BRL.FWD.FAR;CANCELED;3,5203;1000000;3520300;0;0
04/22/2015;87;NA;18;ST_Banco Do Brazil;USD/BRL.FWD.FAR;CANCELED;2,9108;1000000;2910800;0;0
04/22/2015;87;NA;18;ST_Banco Do Brazil;USD/BRL.FWD.FAR;CANCELED;2,9108;1000000;2910800;0;0
04/22/2015;87;NA;18;ST_Banco Do Brazil;USD/BRL.FWD.FAR;CANCELED;2,9108;1000000;2910800;0;0
04/22/2015;87;NA;18;ST_Banco Do Brazil;USD/BRL.FWD.FAR;CANCELED;2,9108;1000000;2910800;0;0
04/22/2015;87;NA;18;ST_Banco Do Brazil;USD/BRL.FWD.FAR;CANCELED;2,9108;1000000;2910800;0;0
04/22/2015;87;NA;18;ST_Banco Do Brazil;USD/BRL.FWD.FAR;CANCELED;2,9108;1000000;2910800;0;0
04/22/2015;87;NA;18;ST_Banco Do Brazil;USD/BRL.FWD.FAR;CANCELED;2,9108;1000000;2910800;0;0
04/22/2015;87;NA;18;ST_Banco Do Brazil;USD/BRL.FWD.FAR;FILLED;3,4076;1000000;3407600;1000000;3407600
04/22/2015;87;NA;18;ST_Banco Do Brazil;USD/BRL.FWD.FAR;FILLED;3,4076;1000000;3407600;1000000;3407600
04/22/2015;71;RBC;10;R5Admin;USD/BRL.FWD.FAR;PARTIALLY_FILLED;3,4076;10000000;34076000;2000000;6815200
04/22/2015;87;NA;18;ST_Banco Do Brazil;USD/BRL.FWD.FAR;FILLED;3,4076;1000000;3407600;1000000;3407600
04/22/2015;71;RBC;10;R5Admin;USD/BRL.FWD.FAR;PARTIALLY_FILLED;3,4076;10000000;34076000;3000000;10222800
04/22/2015;87;NA;18;ST_Banco Do Brazil;USD/BRL.FWD.FAR;FILLED;3,4076;1000000;3407600;1000000;3407600
04/22/2015;71;RBC;10;R5Admin;USD/BRL.FWD.FAR;PARTIALLY_FILLED;3,4076;10000000;34076000;4000000;13630400
04/22/2015;87;NA;18;ST_Banco Do Brazil;USD/BRL.FWD.FAR;FILLED;3,4076;1000000;3407600;1000000;3407600
04/22/2015;71;RBC;10;R5Admin;USD/BRL.FWD.FAR;PARTIALLY_FILLED;3,4076;10000000;34076000;5000000;17038000
04/22/2015;87;NA;18;ST_Banco Do Brazil;USD/BRL.FWD.FAR;FILLED;3,4076;1000000;3407600;1000000;3407600
04/22/2015;71;RBC;10;R5Admin;USD/BRL.FWD.FAR;PARTIALLY_FILLED;3,4076;10000000;34076000;6000000;20445600
04/22/2015;87;NA;18;ST_Banco Do Brazil;USD/BRL.FWD.FAR;FILLED;3,4076;1000000;3407600;1000000;3407600
04/22/2015;87;NA;18;ST_Banco Do Brazil;USD/BRL.FWD.FAR;FILLED;3,1544;1000000;3154400;1000000;3154400
04/22/2015;87;NA;18;ST_Banco Do Brazil;USD/BRL.FWD.FAR;FILLED;3,5996;1000000;3599600;1000000;3599600
04/22/2015;87;NA;18;ST_Banco Do Brazil;USD/BRL.FWD.NEAR;FILLED;3,2254;1000000;3225400;1000000;3225400
04/22/2015;88;NA;19;ST_Bank of China;USD/BRL.FWD.NEAR;FILLED;3,548;1000000;3548000;1000000;3548000
04/22/2015;88;NA;19;ST_Bank of China;USD/BRL.FWD.NEAR;FILLED;3,6869;1000000;3686900;1000000;3686900
04/22/2015;88;NA;19;ST_Bank of China;USD/BRL.FWD.NEAR;FILLED;3,7387;1000000;3738700;1000000;3738700
04/22/2015;88;NA;19;ST_Bank of China;USD/BRL.FWD.NEAR;FILLED;3,1332;1000000;3133200;1000000;3133200
04/22/2015;88;NA;19;ST_Bank of China;USD/BRL.FWD.NEAR;FILLED;3,1459;1000000;3145900;1000000;3145900
04/22/2015;88;NA;19;ST_Bank of China;USD/BRL.FWD.NEAR;FILLED;3,1459;1000000;3145900;1000000;3145900
04/22/2015;53;Kim DAVIS;8;Bank Of China;USD/CNY.FWD.M1;FILLED;0;1000000;0;1000000;6073600
04/22/2015;53;Kim DAVIS;8;Bank Of China;USD/CNY.FWD.M1;FILLED;0;1000000;0;1000000;5961600
04/22/2015;53;Kim DAVIS;8;Bank Of China;USD/CNY.FWD.M1;FILLED;0;1000000;0;1000000;5961600
04/22/2015;53;Kim DAVIS;8;Bank Of China;USD/CNY.FWD.M1;FILLED;0;10000000;0;10000000;59871000
04/22/2015;53;Kim DAVIS;8;Bank Of China;USD/CNY.FWD.M1;FILLED;0;6000000;0;6000000;36723000
04/22/2015;91;NA;11;Bank of Russia;USD/BRL.FWD.FAR;FILLED;3,3677;1000000;3367700;1000000;3367700
04/22/2015;91;NA;11;Bank of Russia;USD/BRL.FWD.FAR;FILLED;3,3897;1000000;3389700;1000000;3389700
04/22/2015;91;NA;11;Bank of Russia;USD/BRL.FWD.FAR;NEW;3,226;1000000;3226000;0;0
04/22/2015;91;NA;11;Bank of Russia;USD/BRL.FWD.NEAR;NEW;3,1441;1000000;3144100;0;0
04/22/2015;53;Kim DAVIS;8;Bank Of China;USD/BRL.FWD.NEAR;FILLED;3,1441;1000000;3144100;1000000;3144100
04/22/2015;91;NA;11;Bank of Russia;USD/BRL.FWD.NEAR;FILLED;3,1441;1000000;3144100;1000000;3144100
04/22/2015;91;NA;11;Bank of Russia;USD/BRL.FWD.FAR;CANCELED;3,226;1000000;3226000;0;0
04/22/2015;91;NA;11;Bank of Russia;USD/BRL.FWD.FAR;NEW;2,9765;1000000;2976500;0;0
04/22/2015;91;NA;11;Bank of Russia;USD/BRL.FWD.FAR;CANCELED;2,9765;1000000;2976500;0;0
04/22/2015;91;NA;11;Bank of Russia;USD/BRL.FWD.FAR;NEW;2,9006;1000000;2900600;0;0
04/22/2015;91;NA;11;Bank of Russia;USD/BRL.FWD.FAR;FILLED;3,4502;1000000;3450200;1000000;3450200
04/22/2015;91;NA;11;Bank of Russia;USD/BRL.FWD.FAR;NEW;3,3562;1000000;3356200;0;0
04/22/2015;91;NA;11;Bank of Russia;USD/BRL.FWD.FAR;CANCELED;3,3562;1000000;3356200;0;0
04/22/2015;91;NA;11;Bank of Russia;USD/BRL.FWD.FAR;CANCELED;2,9006;1000000;2900600;0;0
